,time_stats.all_reduce.min,time_stats.all_reduce.max,time_stats.all_reduce.mean,time_stats.all_reduce.median,time_stats.all_reduce.std,rank,num_workers,size,collective,devices_per_node,max_devices_per_node
0,0.023,0.082,0.05166666666666667,0.05,0.024115462996914565,0,2,2048,all_reduce,2,2
1,0.013000000000000001,0.083,0.058,0.078,0.03188521078284832,0,2,10240,all_reduce,2,2
2,0.015,0.077,0.036,0.016,0.028994252303976845,0,2,18432,all_reduce,2,2
3,0.017,0.08,0.057999999999999996,0.077,0.029017236257093813,0,2,26624,all_reduce,2,2
4,0.021,0.077,0.05366666666666667,0.063,0.023795424396766327,0,2,34816,all_reduce,2,2
5,0.031,0.075,0.049999999999999996,0.044,0.018457157599876168,0,2,43008,all_reduce,2,2
6,0.033,0.093,0.06766666666666667,0.077,0.02536839678725393,0,2,51200,all_reduce,2,2
7,0.069,0.079,0.07500000000000001,0.077,0.004320493798938571,0,2,59392,all_reduce,2,2
8,0.038,0.081,0.052333333333333336,0.038,0.020270394394014363,0,2,67584,all_reduce,2,2
9,0.038,0.125,0.06733333333333334,0.039,0.04077853465843138,0,2,75776,all_reduce,2,2
10,0.063,0.078,0.06866666666666667,0.065,0.006649979114420001,0,2,83968,all_reduce,2,2
11,0.041,0.081,0.062333333333333345,0.065,0.016438437341250604,0,2,92160,all_reduce,2,2
12,0.04,0.088,0.056,0.04,0.022627416997969517,0,2,100352,all_reduce,2,2
13,0.041,0.085,0.06833333333333334,0.079,0.01948218559493661,0,2,108544,all_reduce,2,2
14,0.042,0.079,0.057333333333333326,0.051000000000000004,0.0157550697307953,0,2,116736,all_reduce,2,2
15,0.077,0.089,0.08233333333333333,0.081,0.004988876515698587,0,2,124928,all_reduce,2,2
16,0.045,0.096,0.07766666666666666,0.092,0.023156472577277876,0,2,133120,all_reduce,2,2
17,0.048,0.082,0.05933333333333333,0.048,0.01602775370689508,0,2,141312,all_reduce,2,2
18,0.048,0.048,0.04800000000000001,0.048,6.938893903907228e-18,0,2,149504,all_reduce,2,2
19,0.049,0.082,0.06,0.049,0.015556349186104046,0,2,157696,all_reduce,2,2
20,0.05,0.083,0.07100000000000001,0.08,0.01489966442575134,0,2,165888,all_reduce,2,2
21,0.05,0.098,0.066,0.05,0.02262741699796952,0,2,174080,all_reduce,2,2
22,0.05,0.078,0.06,0.052000000000000005,0.012754084313139326,0,2,182272,all_reduce,2,2
23,0.051000000000000004,0.079,0.06066666666666667,0.052000000000000005,0.012970050972229145,0,2,190464,all_reduce,2,2
24,0.08,0.089,0.08533333333333333,0.08700000000000001,0.0038586123009300742,0,2,198656,all_reduce,2,2
25,0.056,0.081,0.06433333333333334,0.056,0.011785113019775792,0,2,206848,all_reduce,2,2
26,0.056,0.069,0.06033333333333333,0.056,0.006128258770283414,0,2,215040,all_reduce,2,2
27,0.067,0.079,0.07466666666666667,0.078,0.005436502143433362,0,2,223232,all_reduce,2,2
28,0.058,0.091,0.07633333333333334,0.08,0.013719410418171117,0,2,231424,all_reduce,2,2
29,0.058,0.089,0.07666666666666666,0.083,0.013424687043734843,0,2,239616,all_reduce,2,2
30,0.075,0.081,0.078,0.078,0.00244948974278318,0,2,247808,all_reduce,2,2
31,0.059000000000000004,0.06,0.059666666666666666,0.06,0.0004714045207910288,0,2,256000,all_reduce,2,2
32,0.066,0.12,0.09100000000000001,0.08700000000000001,0.022226110770892867,0,2,264192,all_reduce,2,2
33,0.068,0.08700000000000001,0.07433333333333335,0.068,0.008956685895029603,0,2,272384,all_reduce,2,2
34,0.069,0.095,0.08166666666666668,0.081,0.010624918300339483,0,2,280576,all_reduce,2,2
35,0.069,0.083,0.07800000000000001,0.082,0.006377042156569663,0,2,288768,all_reduce,2,2
36,0.069,0.083,0.07766666666666668,0.081,0.006182412330330469,0,2,296960,all_reduce,2,2
37,0.069,0.082,0.07366666666666667,0.07,0.005906681715556449,0,2,305152,all_reduce,2,2
38,0.07100000000000001,0.085,0.07600000000000001,0.07200000000000001,0.006377042156569663,0,2,313344,all_reduce,2,2
39,0.07100000000000001,0.09,0.08,0.079,0.007788880963698611,0,2,321536,all_reduce,2,2
40,0.073,0.084,0.079,0.08,0.004546060565661956,0,2,329728,all_reduce,2,2
41,0.084,0.109,0.09300000000000001,0.08600000000000001,0.0113431330181157,0,2,337920,all_reduce,2,2
42,0.081,0.09,0.08566666666666667,0.08600000000000001,0.003681787005729085,0,2,346112,all_reduce,2,2
43,0.074,0.075,0.07466666666666666,0.075,0.00047140452079103207,0,2,354304,all_reduce,2,2
44,0.075,0.099,0.08633333333333333,0.085,0.009843215373488937,0,2,362496,all_reduce,2,2
45,0.076,0.08700000000000001,0.08,0.077,0.004966554808583784,0,2,370688,all_reduce,2,2
46,0.081,0.092,0.08666666666666667,0.08700000000000001,0.004496912521077346,0,2,378880,all_reduce,2,2
47,0.078,0.081,0.079,0.078,0.0014142135623730965,0,2,387072,all_reduce,2,2
48,0.083,0.084,0.08333333333333333,0.083,0.00047140452079103207,0,2,395264,all_reduce,2,2
49,0.084,0.08700000000000001,0.08533333333333333,0.085,0.0012472191289246482,0,2,403456,all_reduce,2,2
50,0.08600000000000001,0.08700000000000001,0.08666666666666667,0.08700000000000001,0.00047140452079103207,0,2,411648,all_reduce,2,2
51,0.08600000000000001,0.088,0.08700000000000001,0.08700000000000001,0.0008164965809277211,0,2,419840,all_reduce,2,2
52,0.08700000000000001,0.089,0.08833333333333333,0.089,0.0009428090415820576,0,2,428032,all_reduce,2,2
53,0.088,0.091,0.08933333333333333,0.089,0.0012472191289246482,0,2,436224,all_reduce,2,2
54,0.09,0.092,0.09100000000000001,0.091,0.0008164965809277268,0,2,444416,all_reduce,2,2
55,0.09,0.09,0.09000000000000001,0.09,1.3877787807814457e-17,0,2,452608,all_reduce,2,2
56,0.091,0.093,0.09166666666666667,0.091,0.0009428090415820641,0,2,460800,all_reduce,2,2
57,0.091,0.094,0.09233333333333334,0.092,0.0012472191289246482,0,2,468992,all_reduce,2,2
58,0.092,0.093,0.09266666666666667,0.093,0.00047140452079103207,0,2,477184,all_reduce,2,2
59,0.092,0.093,0.09233333333333334,0.092,0.00047140452079103207,0,2,485376,all_reduce,2,2
60,0.097,0.105,0.10166666666666668,0.10300000000000001,0.0033993463423951883,0,2,493568,all_reduce,2,2
61,0.094,0.095,0.09433333333333334,0.094,0.00047140452079103207,0,2,501760,all_reduce,2,2
62,0.095,0.096,0.09566666666666668,0.096,0.00047140452079103207,0,2,509952,all_reduce,2,2
63,0.093,0.097,0.09533333333333334,0.096,0.0016996731711975965,0,2,518144,all_reduce,2,2
64,0.098,0.101,0.09966666666666668,0.1,0.0012472191289246482,0,2,526336,all_reduce,2,2
65,0.10200000000000001,0.10400000000000001,0.10333333333333335,0.10400000000000001,0.0009428090415820641,0,2,534528,all_reduce,2,2
66,0.10400000000000001,0.10400000000000001,0.10400000000000002,0.10400000000000001,1.3877787807814457e-17,0,2,542720,all_reduce,2,2
67,0.10300000000000001,0.10400000000000001,0.10366666666666668,0.10400000000000001,0.00047140452079103207,0,2,550912,all_reduce,2,2
68,0.10400000000000001,0.106,0.10533333333333333,0.106,0.0009428090415820576,0,2,559104,all_reduce,2,2
69,0.106,0.11,0.10766666666666667,0.107,0.0016996731711975965,0,2,567296,all_reduce,2,2
70,0.106,0.107,0.10633333333333334,0.106,0.00047140452079103207,0,2,575488,all_reduce,2,2
71,0.106,0.109,0.107,0.106,0.0014142135623730965,0,2,583680,all_reduce,2,2
72,0.106,0.11,0.108,0.108,0.0016329931618554536,0,2,591872,all_reduce,2,2
73,0.109,0.111,0.11,0.11,0.0008164965809277268,0,2,600064,all_reduce,2,2
74,0.111,0.112,0.11133333333333334,0.111,0.00047140452079103207,0,2,608256,all_reduce,2,2
75,0.11,0.113,0.111,0.11,0.0014142135623730965,0,2,616448,all_reduce,2,2
76,0.109,0.112,0.11033333333333334,0.11,0.0012472191289246482,0,2,624640,all_reduce,2,2
77,0.111,0.113,0.112,0.112,0.0008164965809277268,0,2,632832,all_reduce,2,2
78,0.111,0.115,0.113,0.113,0.0016329931618554536,0,2,641024,all_reduce,2,2
79,0.112,0.113,0.11266666666666668,0.113,0.00047140452079103207,0,2,649216,all_reduce,2,2
80,0.115,0.11900000000000001,0.117,0.117,0.0016329931618554536,0,2,657408,all_reduce,2,2
81,0.12,0.121,0.12066666666666666,0.121,0.00047140452079103207,0,2,665600,all_reduce,2,2
82,0.11800000000000001,0.121,0.11966666666666666,0.12,0.0012472191289246422,0,2,673792,all_reduce,2,2
83,0.121,0.123,0.122,0.122,0.0008164965809277268,0,2,681984,all_reduce,2,2
84,0.122,0.124,0.12266666666666666,0.122,0.0009428090415820641,0,2,690176,all_reduce,2,2
85,0.123,0.124,0.12366666666666666,0.124,0.00047140452079103207,0,2,698368,all_reduce,2,2
86,0.124,0.126,0.125,0.125,0.0008164965809277268,0,2,706560,all_reduce,2,2
87,0.125,0.129,0.12633333333333333,0.125,0.0018856180831641283,0,2,714752,all_reduce,2,2
88,0.126,0.127,0.12633333333333333,0.126,0.00047140452079103207,0,2,722944,all_reduce,2,2
89,0.127,0.131,0.12833333333333333,0.127,0.0018856180831641283,0,2,731136,all_reduce,2,2
90,0.125,0.127,0.126,0.126,0.0008164965809277268,0,2,739328,all_reduce,2,2
91,0.127,0.128,0.12733333333333333,0.127,0.00047140452079103207,0,2,747520,all_reduce,2,2
92,0.127,0.129,0.128,0.128,0.0008164965809277268,0,2,755712,all_reduce,2,2
93,0.129,0.13,0.12933333333333333,0.129,0.00047140452079103207,0,2,763904,all_reduce,2,2
94,0.129,0.13,0.12933333333333333,0.129,0.00047140452079103207,0,2,772096,all_reduce,2,2
95,0.13,0.131,0.13033333333333333,0.13,0.00047140452079103207,0,2,780288,all_reduce,2,2
96,0.131,0.135,0.13333333333333333,0.134,0.0016996731711975965,0,2,788480,all_reduce,2,2
97,0.137,0.139,0.138,0.138,0.0008164965809277268,0,2,796672,all_reduce,2,2
98,0.138,0.139,0.1386666666666667,0.139,0.00047140452079103207,0,2,804864,all_reduce,2,2
99,0.137,0.14100000000000001,0.1386666666666667,0.138,0.0016996731711975965,0,2,813056,all_reduce,2,2
100,0.139,0.14100000000000001,0.14033333333333334,0.14100000000000001,0.0009428090415820641,0,2,821248,all_reduce,2,2
101,0.139,0.14300000000000002,0.1406666666666667,0.14,0.0016996731711975965,0,2,829440,all_reduce,2,2
102,0.14,0.14,0.14,0.14,0.0,0,2,837632,all_reduce,2,2
103,0.139,0.14200000000000002,0.1406666666666667,0.14100000000000001,0.0012472191289246482,0,2,845824,all_reduce,2,2
104,0.14100000000000001,0.14400000000000002,0.1426666666666667,0.14300000000000002,0.0012472191289246482,0,2,854016,all_reduce,2,2
105,0.14,0.145,0.14200000000000002,0.14100000000000001,0.0021602468994692758,0,2,862208,all_reduce,2,2
106,0.14400000000000002,0.149,0.14600000000000002,0.145,0.00216024689946928,0,2,870400,all_reduce,2,2
107,0.14300000000000002,0.147,0.1446666666666667,0.14400000000000002,0.0016996731711975837,0,2,878592,all_reduce,2,2
108,0.14400000000000002,0.146,0.1446666666666667,0.14400000000000002,0.0009428090415820511,0,2,886784,all_reduce,2,2
109,0.145,0.146,0.14533333333333331,0.145,0.00047140452079103207,0,2,894976,all_reduce,2,2
110,0.146,0.148,0.14666666666666664,0.146,0.0009428090415820641,0,2,903168,all_reduce,2,2
111,0.146,0.148,0.147,0.147,0.0008164965809277268,0,2,911360,all_reduce,2,2
112,0.148,0.154,0.15033333333333332,0.149,0.002624669291337273,0,2,919552,all_reduce,2,2
113,0.152,0.153,0.15266666666666664,0.153,0.00047140452079103207,0,2,927744,all_reduce,2,2
114,0.152,0.157,0.155,0.156,0.0021602468994692888,0,2,935936,all_reduce,2,2
115,0.155,0.157,0.15566666666666665,0.155,0.0009428090415820641,0,2,944128,all_reduce,2,2
116,0.156,0.161,0.158,0.157,0.0021602468994692888,0,2,952320,all_reduce,2,2
117,0.158,0.16,0.159,0.159,0.0008164965809277268,0,2,960512,all_reduce,2,2
118,0.157,0.16,0.15866666666666665,0.159,0.0012472191289246482,0,2,968704,all_reduce,2,2
119,0.156,0.162,0.159,0.159,0.00244948974278318,0,2,976896,all_reduce,2,2
120,0.158,0.16,0.15933333333333333,0.16,0.0009428090415820641,0,2,985088,all_reduce,2,2
121,0.158,0.162,0.16,0.16,0.0016329931618554536,0,2,993280,all_reduce,2,2
122,0.161,0.164,0.16266666666666665,0.163,0.0012472191289246482,0,2,1001472,all_reduce,2,2
123,0.161,0.162,0.16166666666666665,0.162,0.00047140452079103207,0,2,1009664,all_reduce,2,2
124,0.161,0.163,0.162,0.162,0.0008164965809277268,0,2,1017856,all_reduce,2,2
125,0.161,0.163,0.162,0.162,0.0008164965809277268,0,2,1026048,all_reduce,2,2
126,0.165,0.166,0.16533333333333333,0.165,0.00047140452079103207,0,2,1034240,all_reduce,2,2
127,0.163,0.168,0.165,0.164,0.0021602468994692888,0,2,1042432,all_reduce,2,2
128,0.163,0.165,0.164,0.164,0.0008164965809277268,0,2,1048576,all_reduce,2,2
129,0.171,0.17400000000000002,0.17266666666666666,0.17300000000000001,0.0012472191289246482,0,2,1081344,all_reduce,2,2
130,0.176,0.178,0.17699999999999996,0.177,0.0008164965809277268,0,2,1114112,all_reduce,2,2
131,0.18,0.181,0.18033333333333332,0.18,0.00047140452079103207,0,2,1146880,all_reduce,2,2
132,0.18,0.184,0.18233333333333332,0.183,0.0016996731711975963,0,2,1179648,all_reduce,2,2
133,0.188,0.191,0.19000000000000003,0.191,0.0014142135623730961,0,2,1212416,all_reduce,2,2
134,0.193,0.197,0.19466666666666668,0.194,0.0016996731711975965,0,2,1245184,all_reduce,2,2
135,0.195,0.199,0.19766666666666666,0.199,0.0018856180831641283,0,2,1277952,all_reduce,2,2
136,0.199,0.203,0.20033333333333334,0.199,0.0018856180831641283,0,2,1310720,all_reduce,2,2
137,0.20500000000000002,0.209,0.20633333333333334,0.20500000000000002,0.0018856180831641153,0,2,1343488,all_reduce,2,2
138,0.20700000000000002,0.213,0.21066666666666667,0.212,0.00262466929133726,0,2,1376256,all_reduce,2,2
139,0.212,0.215,0.21333333333333335,0.213,0.0012472191289246482,0,2,1409024,all_reduce,2,2
140,0.217,0.22,0.218,0.217,0.0014142135623730965,0,2,1441792,all_reduce,2,2
141,0.221,0.228,0.22433333333333336,0.224,0.002867441755680878,0,2,1474560,all_reduce,2,2
142,0.228,0.231,0.23,0.231,0.0014142135623730963,0,2,1507328,all_reduce,2,2
143,0.228,0.233,0.2306666666666667,0.231,0.0020548046676563273,0,2,1540096,all_reduce,2,2
144,0.232,0.23600000000000002,0.234,0.234,0.0016329931618554536,0,2,1572864,all_reduce,2,2
145,0.241,0.243,0.242,0.242,0.0008164965809277268,0,2,1605632,all_reduce,2,2
146,0.245,0.249,0.24633333333333332,0.245,0.0018856180831641283,0,2,1638400,all_reduce,2,2
147,0.247,0.251,0.24833333333333332,0.247,0.0018856180831641283,0,2,1671168,all_reduce,2,2
148,0.252,0.254,0.25266666666666665,0.252,0.0009428090415820641,0,2,1703936,all_reduce,2,2
149,0.256,0.262,0.259,0.259,0.00244948974278318,0,2,1736704,all_reduce,2,2
150,0.256,0.263,0.25966666666666666,0.26,0.002867441755680878,0,2,1769472,all_reduce,2,2
151,0.258,0.265,0.26166666666666666,0.262,0.002867441755680878,0,2,1802240,all_reduce,2,2
152,0.262,0.268,0.266,0.268,0.002828427124746193,0,2,1835008,all_reduce,2,2
153,0.277,0.278,0.2776666666666667,0.278,0.00047140452079103207,0,2,1867776,all_reduce,2,2
154,0.277,0.28200000000000003,0.2803333333333334,0.28200000000000003,0.0023570226039551605,0,2,1900544,all_reduce,2,2
155,0.275,0.28400000000000003,0.2786666666666667,0.277,0.0038586123009300786,0,2,1933312,all_reduce,2,2
156,0.28300000000000003,0.28700000000000003,0.2856666666666667,0.28700000000000003,0.0018856180831641283,0,2,1966080,all_reduce,2,2
157,0.28500000000000003,0.28800000000000003,0.2866666666666667,0.28700000000000003,0.0012472191289246482,0,2,1998848,all_reduce,2,2
158,0.28600000000000003,0.295,0.2916666666666667,0.294,0.004027681991198168,0,2,2031616,all_reduce,2,2
159,0.294,0.305,0.29833333333333334,0.296,0.004784233364802446,0,2,2064384,all_reduce,2,2
160,0.299,0.305,0.301,0.299,0.002828427124746193,0,2,2097152,all_reduce,2,2
161,0.309,0.312,0.311,0.312,0.0014142135623730965,0,2,2129920,all_reduce,2,2
162,0.31,0.313,0.3116666666666667,0.312,0.0012472191289246482,0,2,2162688,all_reduce,2,2
163,0.312,0.317,0.315,0.316,0.0021602468994692888,0,2,2195456,all_reduce,2,2
164,0.311,0.313,0.312,0.312,0.0008164965809277268,0,2,2228224,all_reduce,2,2
165,0.322,0.325,0.324,0.325,0.0014142135623730965,0,2,2260992,all_reduce,2,2
166,0.326,0.331,0.3293333333333333,0.331,0.0023570226039551605,0,2,2293760,all_reduce,2,2
167,0.325,0.332,0.32866666666666666,0.329,0.002867441755680878,0,2,2326528,all_reduce,2,2
168,0.332,0.338,0.33433333333333337,0.333,0.002624669291337273,0,2,2359296,all_reduce,2,2
169,0.338,0.34500000000000003,0.3423333333333334,0.34400000000000003,0.0030912061651652374,0,2,2392064,all_reduce,2,2
170,0.342,0.343,0.3426666666666667,0.343,0.00047140452079103207,0,2,2424832,all_reduce,2,2
171,0.34500000000000003,0.34600000000000003,0.34566666666666673,0.34600000000000003,0.00047140452079103207,0,2,2457600,all_reduce,2,2
172,0.34600000000000003,0.356,0.3516666666666666,0.353,0.004189935029992157,0,2,2490368,all_reduce,2,2
173,0.356,0.371,0.3626666666666667,0.361,0.006236095644623242,0,2,2523136,all_reduce,2,2
174,0.357,0.375,0.365,0.363,0.007483314773547889,0,2,2555904,all_reduce,2,2
175,0.365,0.376,0.36933333333333335,0.367,0.004784233364802446,0,2,2588672,all_reduce,2,2
176,0.371,0.378,0.3746666666666667,0.375,0.002867441755680878,0,2,2621440,all_reduce,2,2
177,0.373,0.387,0.3786666666666667,0.376,0.006018490028422602,0,2,2654208,all_reduce,2,2
178,0.379,0.392,0.38400000000000006,0.381,0.005715476066494087,0,2,2686976,all_reduce,2,2
179,0.379,0.391,0.38533333333333336,0.386,0.004921607686744471,0,2,2719744,all_reduce,2,2
180,0.386,0.395,0.3906666666666667,0.391,0.0036817870057290905,0,2,2752512,all_reduce,2,2
181,0.394,0.4,0.3960000000000001,0.394,0.0028284271247461927,0,2,2785280,all_reduce,2,2
182,0.395,0.402,0.3993333333333333,0.401,0.0030912061651652374,0,2,2818048,all_reduce,2,2
183,0.396,0.399,0.39799999999999996,0.399,0.0014142135623730961,0,2,2850816,all_reduce,2,2
184,0.389,0.40700000000000003,0.39766666666666667,0.397,0.007363574011458181,0,2,2883584,all_reduce,2,2
185,0.405,0.41500000000000004,0.4093333333333334,0.40800000000000003,0.004189935029992182,0,2,2916352,all_reduce,2,2
186,0.41400000000000003,0.425,0.4183333333333334,0.41600000000000004,0.00478423336480242,0,2,2949120,all_reduce,2,2
187,0.41500000000000004,0.422,0.4183333333333333,0.418,0.0028674417556808565,0,2,2981888,all_reduce,2,2
188,0.419,0.42,0.41933333333333334,0.419,0.00047140452079103207,0,2,3014656,all_reduce,2,2
189,0.429,0.436,0.43133333333333335,0.429,0.003299831645537225,0,2,3047424,all_reduce,2,2
190,0.423,0.438,0.43,0.429,0.006164414002968982,0,2,3080192,all_reduce,2,2
191,0.428,0.435,0.432,0.433,0.0029439202887759515,0,2,3112960,all_reduce,2,2
192,0.428,0.436,0.433,0.435,0.0035590260840104404,0,2,3145728,all_reduce,2,2
193,0.448,0.459,0.452,0.449,0.004966554808583784,0,2,3178496,all_reduce,2,2
194,0.443,0.462,0.45166666666666666,0.45,0.007845734863959886,0,2,3211264,all_reduce,2,2
195,0.45,0.457,0.4526666666666667,0.451,0.0030912061651652374,0,2,3244032,all_reduce,2,2
196,0.455,0.457,0.45566666666666666,0.455,0.0009428090415820641,0,2,3276800,all_reduce,2,2
197,0.458,0.47000000000000003,0.466,0.47000000000000003,0.005656854249492386,0,2,3309568,all_reduce,2,2
198,0.468,0.47300000000000003,0.47000000000000003,0.46900000000000003,0.0021602468994692888,0,2,3342336,all_reduce,2,2
199,0.468,0.47200000000000003,0.4703333333333333,0.47100000000000003,0.0016996731711975965,0,2,3375104,all_reduce,2,2
200,0.461,0.47200000000000003,0.4683333333333333,0.47200000000000003,0.005185449728701353,0,2,3407872,all_reduce,2,2
201,0.48,0.485,0.48266666666666663,0.483,0.0020548046676563273,0,2,3440640,all_reduce,2,2
202,0.47300000000000003,0.48,0.4753333333333334,0.47300000000000003,0.003299831645537199,0,2,3473408,all_reduce,2,2
203,0.47900000000000004,0.488,0.48233333333333334,0.48,0.004027681991198179,0,2,3506176,all_reduce,2,2
204,0.486,0.503,0.4956666666666667,0.498,0.007133644853010906,0,2,3538944,all_reduce,2,2
205,0.489,0.512,0.49799999999999994,0.493,0.010033277962194949,0,2,3571712,all_reduce,2,2
206,0.508,0.512,0.5093333333333333,0.508,0.0018856180831641283,0,2,3604480,all_reduce,2,2
207,0.499,0.514,0.5076666666666666,0.51,0.006342099196813488,0,2,3637248,all_reduce,2,2
208,0.501,0.512,0.506,0.505,0.004546060565661956,0,2,3670016,all_reduce,2,2
209,0.505,0.529,0.5176666666666666,0.519,0.009843215373488942,0,2,3702784,all_reduce,2,2
210,0.508,0.525,0.5173333333333333,0.519,0.007039570693980965,0,2,3735552,all_reduce,2,2
211,0.52,0.53,0.5233333333333333,0.52,0.004714045207910321,0,2,3768320,all_reduce,2,2
212,0.529,0.53,0.5296666666666667,0.53,0.00047140452079103207,0,2,3801088,all_reduce,2,2
213,0.534,0.545,0.5376666666666666,0.534,0.005185449728701353,0,2,3833856,all_reduce,2,2
214,0.54,0.553,0.5446666666666666,0.541,0.005906681715556456,0,2,3866624,all_reduce,2,2
215,0.543,0.55,0.5473333333333333,0.549,0.0030912061651652374,0,2,3899392,all_reduce,2,2
216,0.536,0.55,0.5423333333333334,0.541,0.005792715732327594,0,2,3932160,all_reduce,2,2
217,0.552,0.5670000000000001,0.5580000000000002,0.555,0.006480740698407866,0,2,3964928,all_reduce,2,2
218,0.554,0.561,0.5580000000000002,0.559,0.0029439202887759515,0,2,3997696,all_reduce,2,2
219,0.555,0.5630000000000001,0.5583333333333335,0.557,0.0033993463423951926,0,2,4030464,all_reduce,2,2
220,0.562,0.5740000000000001,0.5670000000000001,0.5650000000000001,0.00509901951359279,0,2,4063232,all_reduce,2,2
221,0.5660000000000001,0.582,0.575,0.577,0.006683312551921097,0,2,4096000,all_reduce,2,2
222,0.5650000000000001,0.59,0.5806666666666667,0.587,0.011145502331533616,0,2,4128768,all_reduce,2,2
223,0.5710000000000001,0.593,0.5813333333333334,0.58,0.00903081145609601,0,2,4161536,all_reduce,2,2
224,0.577,0.586,0.5826666666666666,0.585,0.004027681991198194,0,2,4194304,all_reduce,2,2
225,0.5700000000000001,0.588,0.58,0.582,0.00748331477354784,0,2,4227072,all_reduce,2,2
226,0.584,0.588,0.5866666666666666,0.588,0.0018856180831641283,0,2,4259840,all_reduce,2,2
227,0.593,0.602,0.5973333333333333,0.597,0.0036817870057290905,0,2,4292608,all_reduce,2,2
228,0.591,0.601,0.5953333333333333,0.594,0.004189935029992182,0,2,4325376,all_reduce,2,2
229,0.602,0.611,0.6066666666666667,0.607,0.0036817870057290905,0,2,4358144,all_reduce,2,2
230,0.603,0.62,0.6109999999999999,0.61,0.006976149845485456,0,2,4390912,all_reduce,2,2
231,0.596,0.607,0.6030000000000001,0.606,0.004966554808583784,0,2,4423680,all_reduce,2,2
232,0.611,0.615,0.6133333333333334,0.614,0.0016996731711975965,0,2,4456448,all_reduce,2,2
233,0.622,0.622,0.622,0.622,0.0,0,2,4489216,all_reduce,2,2
234,0.621,0.626,0.6229999999999999,0.622,0.0021602468994692888,0,2,4521984,all_reduce,2,2
235,0.626,0.639,0.6303333333333333,0.626,0.006128258770283417,0,2,4554752,all_reduce,2,2
236,0.628,0.635,0.6323333333333333,0.634,0.0030912061651652374,0,2,4587520,all_reduce,2,2
237,0.635,0.651,0.6436666666666667,0.645,0.00659966329107445,0,2,4620288,all_reduce,2,2
238,0.641,0.655,0.6463333333333333,0.643,0.006182412330330475,0,2,4653056,all_reduce,2,2
239,0.644,0.65,0.6463333333333333,0.645,0.002624669291337273,0,2,4685824,all_reduce,2,2
240,0.638,0.654,0.6466666666666666,0.648,0.00659966329107445,0,2,4718592,all_reduce,2,2
241,0.65,0.665,0.655,0.65,0.007071067811865482,0,2,4751360,all_reduce,2,2
242,0.655,0.658,0.6563333333333334,0.656,0.0012472191289246482,0,2,4784128,all_reduce,2,2
243,0.645,0.667,0.6586666666666666,0.664,0.009741092797468313,0,2,4816896,all_reduce,2,2
244,0.661,0.68,0.6693333333333333,0.667,0.007930251502246887,0,2,4849664,all_reduce,2,2
245,0.674,0.686,0.6786666666666666,0.676,0.005249338582674546,0,2,4882432,all_reduce,2,2
246,0.668,0.684,0.6783333333333333,0.683,0.007318166133366723,0,2,4915200,all_reduce,2,2
247,0.678,0.6980000000000001,0.6890000000000001,0.6910000000000001,0.008286535263104043,0,2,4947968,all_reduce,2,2
248,0.678,0.685,0.6823333333333333,0.684,0.0030912061651652374,0,2,4980736,all_reduce,2,2
249,0.682,0.6880000000000001,0.6846666666666668,0.684,0.0024944382578492965,0,2,5013504,all_reduce,2,2
250,0.687,0.6920000000000001,0.6886666666666666,0.687,0.0023570226039551605,0,2,5046272,all_reduce,2,2
251,0.6910000000000001,0.7010000000000001,0.6956666666666668,0.6950000000000001,0.0041096093353126546,0,2,5079040,all_reduce,2,2
252,0.6910000000000001,0.6980000000000001,0.6936666666666668,0.6920000000000001,0.0030912061651652374,0,2,5111808,all_reduce,2,2
253,0.7020000000000001,0.712,0.7079999999999999,0.71,0.0043204937989385255,0,2,5144576,all_reduce,2,2
254,0.709,0.712,0.711,0.712,0.0014142135623730965,0,2,5177344,all_reduce,2,2
255,0.705,0.715,0.7106666666666666,0.712,0.004189935029992182,0,2,5210112,all_reduce,2,2
256,0.6900000000000001,0.72,0.7050000000000001,0.705,0.012247448713915856,0,2,5242880,all_reduce,2,2
257,0.715,0.723,0.7193333333333333,0.72,0.003299831645537225,0,2,5275648,all_reduce,2,2
258,0.726,0.729,0.7273333333333333,0.727,0.0012472191289246482,0,2,5308416,all_reduce,2,2
259,0.721,0.734,0.7276666666666666,0.728,0.005312459150169748,0,2,5341184,all_reduce,2,2
260,0.731,0.741,0.7363333333333334,0.737,0.0041096093353126546,0,2,5373952,all_reduce,2,2
261,0.732,0.749,0.739,0.736,0.0072571803523590874,0,2,5406720,all_reduce,2,2
262,0.734,0.761,0.7453333333333334,0.741,0.011440668201153687,0,2,5439488,all_reduce,2,2
263,0.739,0.759,0.7496666666666667,0.751,0.008219218670625309,0,2,5472256,all_reduce,2,2
264,0.729,0.76,0.746,0.749,0.012832251036613451,0,2,5505024,all_reduce,2,2
265,0.744,0.762,0.7503333333333334,0.745,0.008259674462242586,0,2,5537792,all_reduce,2,2
266,0.759,0.763,0.7616666666666667,0.763,0.0018856180831641283,0,2,5570560,all_reduce,2,2
267,0.753,0.788,0.7653333333333333,0.755,0.016048537489614313,0,2,5603328,all_reduce,2,2
268,0.758,0.777,0.766,0.763,0.008041558721209886,0,2,5636096,all_reduce,2,2
269,0.764,0.778,0.769,0.765,0.006377042156569669,0,2,5668864,all_reduce,2,2
270,0.77,0.787,0.778,0.777,0.006976149845485456,0,2,5701632,all_reduce,2,2
271,0.762,0.786,0.7763333333333334,0.781,0.010338708279513891,0,2,5734400,all_reduce,2,2
272,0.772,0.781,0.7759999999999999,0.775,0.0037416573867739447,0,2,5767168,all_reduce,2,2
273,0.78,0.8150000000000001,0.799,0.802,0.014445299120013647,0,2,5799936,all_reduce,2,2
274,0.786,0.794,0.7896666666666667,0.789,0.003299831645537225,0,2,5832704,all_reduce,2,2
275,0.784,0.8220000000000001,0.8016666666666667,0.799,0.015627610892974736,0,2,5865472,all_reduce,2,2
276,0.806,0.8160000000000001,0.8116666666666666,0.8130000000000001,0.004189935029992182,0,2,5898240,all_reduce,2,2
277,0.806,0.8280000000000001,0.8166666666666668,0.8160000000000001,0.008993825042154702,0,2,5931008,all_reduce,2,2
278,0.81,0.838,0.8243333333333333,0.8250000000000001,0.011440668201153642,0,2,5963776,all_reduce,2,2
279,0.808,0.8200000000000001,0.8156666666666667,0.8190000000000001,0.005436502143433369,0,2,5996544,all_reduce,2,2
280,0.812,0.8240000000000001,0.8186666666666668,0.8200000000000001,0.004988876515698593,0,2,6029312,all_reduce,2,2
281,0.8220000000000001,0.841,0.8293333333333335,0.8250000000000001,0.008339997335464491,0,2,6062080,all_reduce,2,2
282,0.8150000000000001,0.848,0.836,0.845,0.0148996644257513,0,2,6094848,all_reduce,2,2
283,0.835,0.838,0.8370000000000001,0.838,0.0014142135623730961,0,2,6127616,all_reduce,2,2
284,0.8320000000000001,0.849,0.8383333333333333,0.834,0.007586537784494004,0,2,6160384,all_reduce,2,2
285,0.847,0.866,0.8536666666666667,0.848,0.008730533902472538,0,2,6193152,all_reduce,2,2
286,0.838,0.847,0.8416666666666667,0.84,0.0038586123009300786,0,2,6225920,all_reduce,2,2
287,0.838,0.862,0.851,0.853,0.009899494936611674,0,2,6258688,all_reduce,2,2
288,0.843,0.849,0.8463333333333333,0.847,0.0024944382578492965,0,2,6291456,all_reduce,2,2
289,0.852,0.858,0.8543333333333334,0.853,0.002624669291337273,0,2,6324224,all_reduce,2,2
290,0.845,0.881,0.8606666666666666,0.856,0.015062831370260018,0,2,6356992,all_reduce,2,2
291,0.869,0.872,0.8703333333333333,0.87,0.0012472191289246482,0,2,6389760,all_reduce,2,2
292,0.865,0.876,0.8703333333333333,0.87,0.004496912521077351,0,2,6422528,all_reduce,2,2
293,0.852,0.885,0.8706666666666667,0.875,0.01381625451737515,0,2,6455296,all_reduce,2,2
294,0.865,0.891,0.8806666666666666,0.886,0.011264496832477211,0,2,6488064,all_reduce,2,2
295,0.863,0.898,0.8856666666666667,0.896,0.016048537489614313,0,2,6520832,all_reduce,2,2
296,0.889,0.898,0.8936666666666667,0.894,0.0036817870057290905,0,2,6553600,all_reduce,2,2
297,0.89,0.907,0.899,0.9,0.006976149845485456,0,2,6586368,all_reduce,2,2
298,0.89,0.899,0.894,0.893,0.0037416573867739447,0,2,6619136,all_reduce,2,2
299,0.903,0.915,0.9076666666666666,0.905,0.005249338582674546,0,2,6651904,all_reduce,2,2
300,0.902,0.913,0.9090000000000001,0.912,0.004966554808583784,0,2,6684672,all_reduce,2,2
301,0.894,0.929,0.9133333333333334,0.917,0.01452201394052799,0,2,6717440,all_reduce,2,2
302,0.908,0.923,0.916,0.917,0.006164414002968982,0,2,6750208,all_reduce,2,2
303,0.92,0.932,0.9266666666666667,0.928,0.004988876515698593,0,2,6782976,all_reduce,2,2
304,0.915,0.935,0.9273333333333333,0.932,0.008806563209081944,0,2,6815744,all_reduce,2,2
305,0.92,0.932,0.9266666666666667,0.928,0.004988876515698593,0,2,6848512,all_reduce,2,2
306,0.922,0.9550000000000001,0.9420000000000002,0.9490000000000001,0.014352700094407337,0,2,6881280,all_reduce,2,2
307,0.9430000000000001,0.9440000000000001,0.9433333333333334,0.9430000000000001,0.00047140452079103207,0,2,6914048,all_reduce,2,2
308,0.927,0.9480000000000001,0.9380000000000001,0.9390000000000001,0.008602325267042634,0,2,6946816,all_reduce,2,2
309,0.9570000000000001,0.968,0.9613333333333335,0.9590000000000001,0.004784233364802394,0,2,6979584,all_reduce,2,2
310,0.9510000000000001,0.9570000000000001,0.9536666666666668,0.9530000000000001,0.0024944382578492965,0,2,7012352,all_reduce,2,2
311,0.9440000000000001,0.9540000000000001,0.9496666666666668,0.9510000000000001,0.004189935029992182,0,2,7045120,all_reduce,2,2
312,0.9470000000000001,0.9570000000000001,0.9506666666666668,0.9480000000000001,0.004496912521077351,0,2,7077888,all_reduce,2,2
313,0.9540000000000001,0.965,0.9576666666666668,0.9540000000000001,0.005185449728701301,0,2,7110656,all_reduce,2,2
314,0.967,0.976,0.9723333333333333,0.974,0.0038586123009300786,0,2,7143424,all_reduce,2,2
315,0.9590000000000001,0.989,0.975,0.977,0.012328828005937915,0,2,7176192,all_reduce,2,2
316,0.969,0.979,0.9753333333333334,0.978,0.004496912521077351,0,2,7208960,all_reduce,2,2
317,0.973,0.998,0.9826666666666667,0.977,0.010964589468932362,0,2,7241728,all_reduce,2,2
318,0.98,0.988,0.9836666666666667,0.983,0.003299831645537225,0,2,7274496,all_reduce,2,2
319,0.968,0.99,0.9823333333333334,0.989,0.010143416036468634,0,2,7307264,all_reduce,2,2
320,0.972,0.99,0.9826666666666667,0.986,0.007717224601860157,0,2,7340032,all_reduce,2,2
321,0.995,1.0130000000000001,1.0030000000000001,1.0010000000000001,0.00748331477354793,0,2,7372800,all_reduce,2,2
322,0.976,1.0090000000000001,0.9953333333333334,1.0010000000000001,0.01405544576153874,0,2,7405568,all_reduce,2,2
323,1.0050000000000001,1.038,1.0173333333333334,1.0090000000000001,0.014704496666741812,0,2,7438336,all_reduce,2,2
324,1.016,1.029,1.0216666666666667,1.02,0.005436502143433318,0,2,7471104,all_reduce,2,2
325,1.0090000000000001,1.03,1.0213333333333334,1.025,0.008956685895029544,0,2,7503872,all_reduce,2,2
326,1.014,1.026,1.0216666666666667,1.025,0.005436502143433346,0,2,7536640,all_reduce,2,2
327,1.0110000000000001,1.035,1.0250000000000001,1.029,0.010198039027185477,0,2,7569408,all_reduce,2,2
328,1.0170000000000001,1.032,1.0220000000000002,1.0170000000000001,0.0070710678118654285,0,2,7602176,all_reduce,2,2
329,1.039,1.05,1.0446666666666666,1.045,0.004496912521077395,0,2,7634944,all_reduce,2,2
330,1.034,1.06,1.0456666666666665,1.043,0.010780641085864172,0,2,7667712,all_reduce,2,2
331,1.031,1.043,1.035,1.031,0.005656854249492385,0,2,7700480,all_reduce,2,2
332,1.043,1.061,1.053,1.055,0.00748331477354789,0,2,7733248,all_reduce,2,2
333,1.042,1.052,1.0463333333333333,1.045,0.004189935029992194,0,2,7766016,all_reduce,2,2
334,1.044,1.066,1.0546666666666666,1.054,0.008993825042154702,0,2,7798784,all_reduce,2,2
335,1.047,1.075,1.062,1.064,0.011518101695447347,0,2,7831552,all_reduce,2,2
336,1.063,1.069,1.0659999999999998,1.066,0.00244948974278318,0,2,7864320,all_reduce,2,2
337,1.048,1.079,1.0656666666666668,1.07,0.013021349989749714,0,2,7897088,all_reduce,2,2
338,1.079,1.087,1.082,1.08,0.0035590260840104196,0,2,7929856,all_reduce,2,2
339,1.073,1.101,1.0826666666666667,1.074,0.012970050972229133,0,2,7962624,all_reduce,2,2
340,1.074,1.084,1.078,1.076,0.0043204937989385775,0,2,7995392,all_reduce,2,2
341,1.088,1.09,1.0886666666666667,1.088,0.0009428090415820641,0,2,8028160,all_reduce,2,2
342,1.078,1.099,1.0863333333333334,1.082,0.009104333522498398,0,2,8060928,all_reduce,2,2
343,1.066,1.102,1.0856666666666668,1.089,0.014884742374510743,0,2,8093696,all_reduce,2,2
344,1.082,1.095,1.0866666666666667,1.083,0.005906681715556426,0,2,8126464,all_reduce,2,2
345,1.093,1.113,1.101,1.097,0.008640987597877155,0,2,8159232,all_reduce,2,2
346,1.1,1.123,1.1133333333333333,1.117,0.009741092797468263,0,2,8192000,all_reduce,2,2
347,1.115,1.125,1.1196666666666666,1.119,0.0041096093353126546,0,2,8224768,all_reduce,2,2
348,1.106,1.123,1.1146666666666667,1.115,0.006944222218666513,0,2,8257536,all_reduce,2,2
349,1.1260000000000001,1.131,1.1286666666666667,1.129,0.002054804667656279,0,2,8290304,all_reduce,2,2
350,1.106,1.141,1.119,1.11,0.015641824275533383,0,2,8323072,all_reduce,2,2
351,1.107,1.1400000000000001,1.127,1.1340000000000001,0.014352700094407388,0,2,8355840,all_reduce,2,2
352,1.115,1.12,1.1176666666666668,1.118,0.0020548046676563754,0,2,8388608,all_reduce,2,2
353,1.155,1.169,1.1613333333333333,1.16,0.005792715732327603,0,2,8421376,all_reduce,2,2
354,1.169,1.17,1.1696666666666666,1.17,0.00047140452079097976,0,2,8454144,all_reduce,2,2
355,1.156,1.202,1.1766666666666665,1.172,0.019067132861433474,0,2,8486912,all_reduce,2,2
356,1.1500000000000001,1.182,1.171,1.181,0.014854853303438062,0,2,8519680,all_reduce,2,2
357,1.168,1.197,1.1863333333333335,1.194,0.013021349989749782,0,2,8552448,all_reduce,2,2
358,1.177,1.193,1.1836666666666666,1.181,0.006798692684790386,0,2,8585216,all_reduce,2,2
359,1.181,1.211,1.1943333333333335,1.191,0.012472191289246483,0,2,8617984,all_reduce,2,2
360,1.194,1.203,1.1983333333333333,1.198,0.003681787005729137,0,2,8650752,all_reduce,2,2
361,1.191,1.221,1.2066666666666668,1.208,0.01228368384845886,0,2,8683520,all_reduce,2,2
362,1.201,1.209,1.206,1.208,0.0035590260840104196,0,2,8716288,all_reduce,2,2
363,1.2,1.222,1.2086666666666668,1.204,0.009568466729604892,0,2,8749056,all_reduce,2,2
364,1.214,1.221,1.2183333333333333,1.22,0.0030912061651652695,0,2,8781824,all_reduce,2,2
365,1.206,1.221,1.216,1.221,0.0070710678118655335,0,2,8814592,all_reduce,2,2
366,1.205,1.231,1.2163333333333333,1.213,0.010873004286866737,0,2,8847360,all_reduce,2,2
367,1.217,1.236,1.2236666666666667,1.218,0.008730533902472509,0,2,8880128,all_reduce,2,2
368,1.209,1.235,1.222,1.222,0.010614455552060448,0,2,8912896,all_reduce,2,2
369,1.237,1.254,1.2460000000000002,1.247,0.0069761498454854135,0,2,8945664,all_reduce,2,2
370,1.238,1.252,1.244,1.242,0.005887840577551903,0,2,8978432,all_reduce,2,2
371,1.219,1.236,1.2283333333333333,1.23,0.0070395706939809155,0,2,9011200,all_reduce,2,2
372,1.229,1.245,1.2376666666666667,1.239,0.00659966329107445,0,2,9043968,all_reduce,2,2
373,1.242,1.26,1.2523333333333333,1.2550000000000001,0.007586537784494048,0,2,9076736,all_reduce,2,2
374,1.243,1.2610000000000001,1.251666666666667,1.2510000000000001,0.00736357401145818,0,2,9109504,all_reduce,2,2
375,1.2530000000000001,1.2610000000000001,1.2570000000000001,1.2570000000000001,0.0032659863237109073,0,2,9142272,all_reduce,2,2
376,1.2510000000000001,1.262,1.2573333333333334,1.2590000000000001,0.004642796092394673,0,2,9175040,all_reduce,2,2
377,1.264,1.2730000000000001,1.27,1.2730000000000001,0.004242640687119341,0,2,9207808,all_reduce,2,2
378,1.2510000000000001,1.268,1.258,1.2550000000000001,0.007257180352359036,0,2,9240576,all_reduce,2,2
379,1.274,1.286,1.2796666666666667,1.2790000000000001,0.004921607686744467,0,2,9273344,all_reduce,2,2
380,1.2710000000000001,1.28,1.2770000000000001,1.28,0.004242640687119236,0,2,9306112,all_reduce,2,2
381,1.282,1.297,1.2910000000000001,1.294,0.006480740698407832,0,2,9338880,all_reduce,2,2
382,1.2650000000000001,1.298,1.2826666666666666,1.285,0.013572848714334845,0,2,9371648,all_reduce,2,2
383,1.281,1.301,1.292,1.294,0.008286535263104052,0,2,9404416,all_reduce,2,2
384,1.294,1.308,1.2993333333333332,1.296,0.006182412330330475,0,2,9437184,all_reduce,2,2
385,1.304,1.312,1.3093333333333332,1.312,0.0037712361663282566,0,2,9469952,all_reduce,2,2
386,1.306,1.326,1.314,1.31,0.008640987597877155,0,2,9502720,all_reduce,2,2
387,1.3,1.329,1.3153333333333332,1.317,0.011897712198383127,0,2,9535488,all_reduce,2,2
388,1.29,1.322,1.3023333333333333,1.295,0.01405544576153871,0,2,9568256,all_reduce,2,2
389,1.309,1.327,1.3193333333333335,1.322,0.007586537784494048,0,2,9601024,all_reduce,2,2
390,1.322,1.338,1.328,1.324,0.007118052168020881,0,2,9633792,all_reduce,2,2
391,1.315,1.333,1.3266666666666667,1.332,0.008259674462242609,0,2,9666560,all_reduce,2,2
392,1.322,1.329,1.3259999999999998,1.327,0.0029439202887759012,0,2,9699328,all_reduce,2,2
393,1.324,1.347,1.3373333333333335,1.341,0.009741092797468263,0,2,9732096,all_reduce,2,2
394,1.334,1.357,1.3490000000000002,1.356,0.01061445555206042,0,2,9764864,all_reduce,2,2
395,1.333,1.338,1.3350000000000002,1.334,0.002160246899469323,0,2,9797632,all_reduce,2,2
396,1.338,1.34,1.3386666666666667,1.338,0.0009428090415820641,0,2,9830400,all_reduce,2,2
397,1.353,1.369,1.3633333333333333,1.368,0.007318166133366746,0,2,9863168,all_reduce,2,2
398,1.336,1.361,1.346,1.341,0.010801234497346409,0,2,9895936,all_reduce,2,2
399,1.348,1.377,1.361,1.358,0.012027745701779105,0,2,9928704,all_reduce,2,2
400,1.359,1.377,1.3666666666666665,1.364,0.007586537784494022,0,2,9961472,all_reduce,2,2
401,1.356,1.374,1.3630000000000002,1.359,0.007874007874011837,0,2,9994240,all_reduce,2,2
402,1.361,1.375,1.3676666666666666,1.367,0.005734883511361756,0,2,10027008,all_reduce,2,2
403,1.368,1.3860000000000001,1.3760000000000001,1.374,0.007483314773547889,0,2,10059776,all_reduce,2,2
404,1.368,1.3780000000000001,1.3743333333333334,1.377,0.004496912521077329,0,2,10092544,all_reduce,2,2
405,1.3780000000000001,1.3920000000000001,1.3870000000000002,1.391,0.0063770421565696464,0,2,10125312,all_reduce,2,2
406,1.389,1.397,1.3936666666666666,1.395,0.003399346342395193,0,2,10158080,all_reduce,2,2
407,1.3780000000000001,1.4000000000000001,1.3893333333333338,1.3900000000000001,0.008993825042154702,0,2,10190848,all_reduce,2,2
408,1.3800000000000001,1.41,1.3926666666666667,1.3880000000000001,0.012684198393626875,0,2,10223616,all_reduce,2,2
409,1.405,1.427,1.4136666666666668,1.409,0.009568466729604892,0,2,10256384,all_reduce,2,2
410,1.393,1.403,1.3993333333333335,1.4020000000000001,0.004496912521077374,0,2,10289152,all_reduce,2,2
411,1.403,1.405,1.404,1.4040000000000001,0.0008164965809277268,0,2,10321920,all_reduce,2,2
412,1.407,1.433,1.4166666666666667,1.41,0.011614167593456261,0,2,10354688,all_reduce,2,2
413,1.4060000000000001,1.417,1.4133333333333333,1.417,0.005185449728701301,0,2,10387456,all_reduce,2,2
414,1.4060000000000001,1.433,1.422,1.427,0.011575836902790185,0,2,10420224,all_reduce,2,2
415,1.41,1.421,1.414,1.411,0.004966554808583814,0,2,10452992,all_reduce,2,2
416,1.429,1.431,1.4296666666666666,1.429,0.0009428090415820641,0,2,10485760,all_reduce,2,2
417,1.428,1.454,1.4399999999999997,1.438,0.010708252269472683,0,2,10518528,all_reduce,2,2
418,1.419,1.435,1.4283333333333335,1.431,0.006798692684790386,0,2,10551296,all_reduce,2,2
419,1.427,1.466,1.4426666666666668,1.435,0.016819301082057116,0,2,10584064,all_reduce,2,2
420,1.421,1.456,1.4373333333333334,1.435,0.014383632673594243,0,2,10616832,all_reduce,2,2
421,1.445,1.468,1.4553333333333331,1.453,0.009533566430716687,0,2,10649600,all_reduce,2,2
422,1.451,1.461,1.4573333333333334,1.46,0.004496912521077329,0,2,10682368,all_reduce,2,2
423,1.446,1.458,1.452,1.452,0.00489897948556636,0,2,10715136,all_reduce,2,2
424,1.455,1.479,1.4646666666666668,1.46,0.010338708279513907,0,2,10747904,all_reduce,2,2
425,1.469,1.475,1.4726666666666668,1.474,0.002624669291337254,0,2,10780672,all_reduce,2,2
426,1.46,1.464,1.462,1.462,0.0016329931618554536,0,2,10813440,all_reduce,2,2
427,1.477,1.481,1.4786666666666666,1.478,0.001699673171197611,0,2,10846208,all_reduce,2,2
428,1.48,1.504,1.4913333333333334,1.49,0.009843215373488942,0,2,10878976,all_reduce,2,2
429,1.47,1.504,1.4826666666666668,1.474,0.015173075568988071,0,2,10911744,all_reduce,2,2
430,1.479,1.502,1.4893333333333334,1.487,0.009533566430716687,0,2,10944512,all_reduce,2,2
431,1.477,1.52,1.4949999999999999,1.488,0.018239152027072585,0,2,10977280,all_reduce,2,2
432,1.48,1.5050000000000001,1.495,1.5,0.010801234497346476,0,2,11010048,all_reduce,2,2
433,1.5,1.508,1.5036666666666667,1.5030000000000001,0.0032998316455372175,0,2,11042816,all_reduce,2,2
434,1.493,1.528,1.5063333333333333,1.498,0.015456030825826155,0,2,11075584,all_reduce,2,2
435,1.504,1.506,1.5053333333333334,1.506,0.0009428090415820641,0,2,11108352,all_reduce,2,2
436,1.491,1.5110000000000001,1.5013333333333332,1.502,0.008178562764256868,0,2,11141120,all_reduce,2,2
437,1.508,1.53,1.5226666666666666,1.53,0.010370899457402707,0,2,11173888,all_reduce,2,2
438,1.5130000000000001,1.543,1.5263333333333335,1.5230000000000001,0.012472191289246384,0,2,11206656,all_reduce,2,2
439,1.5270000000000001,1.537,1.531,1.5290000000000001,0.004320493798938474,0,2,11239424,all_reduce,2,2
440,1.504,1.54,1.5213333333333334,1.52,0.01472714802291636,0,2,11272192,all_reduce,2,2
441,1.532,1.546,1.5370000000000001,1.5330000000000001,0.0063770421565696464,0,2,11304960,all_reduce,2,2
442,1.524,1.565,1.5446666666666669,1.545,0.01673983937265293,0,2,11337728,all_reduce,2,2
443,1.524,1.553,1.5406666666666666,1.545,0.012229290885229388,0,2,11370496,all_reduce,2,2
444,1.54,1.553,1.548,1.551,0.005715476066494036,0,2,11403264,all_reduce,2,2
445,1.541,1.572,1.554,1.549,0.013140268896284744,0,2,11436032,all_reduce,2,2
446,1.546,1.574,1.5633333333333335,1.57,0.01236482466066095,0,2,11468800,all_reduce,2,2
447,1.542,1.575,1.561,1.566,0.013928388277184093,0,2,11501568,all_reduce,2,2
448,1.553,1.565,1.5579999999999998,1.556,0.005099019513592775,0,2,11534336,all_reduce,2,2
449,1.561,1.585,1.571,1.567,0.01019803902718558,0,2,11567104,all_reduce,2,2
450,1.561,1.572,1.5670000000000002,1.568,0.004546060565662005,0,2,11599872,all_reduce,2,2
451,1.562,1.595,1.5803333333333331,1.584,0.013719410418171091,0,2,11632640,all_reduce,2,2
452,1.574,1.584,1.5793333333333335,1.58,0.0041096093353126546,0,2,11665408,all_reduce,2,2
453,1.576,1.584,1.5793333333333333,1.578,0.003399346342395193,0,2,11698176,all_reduce,2,2
454,1.575,1.582,1.5776666666666668,1.576,0.0030912061651652695,0,2,11730944,all_reduce,2,2
455,1.586,1.589,1.5876666666666666,1.588,0.0012472191289246088,0,2,11763712,all_reduce,2,2
456,1.597,1.607,1.603,1.605,0.0043204937989385775,0,2,11796480,all_reduce,2,2
457,1.585,1.611,1.5996666666666666,1.603,0.010873004286866737,0,2,11829248,all_reduce,2,2
458,1.599,1.617,1.609,1.611,0.007483314773547889,0,2,11862016,all_reduce,2,2
459,1.606,1.612,1.609,1.609,0.00244948974278318,0,2,11894784,all_reduce,2,2
460,1.613,1.618,1.6153333333333333,1.615,0.0020548046676563754,0,2,11927552,all_reduce,2,2
461,1.609,1.6260000000000001,1.6159999999999999,1.613,0.007257180352359138,0,2,11960320,all_reduce,2,2
462,1.609,1.6300000000000001,1.6196666666666666,1.62,0.00857645355351246,0,2,11993088,all_reduce,2,2
463,1.611,1.639,1.6226666666666667,1.618,0.01189771219838316,0,2,12025856,all_reduce,2,2
464,1.615,1.6320000000000001,1.6226666666666667,1.621,0.007039570693981014,0,2,12058624,all_reduce,2,2
465,1.637,1.649,1.6416666666666666,1.639,0.005249338582674546,0,2,12091392,all_reduce,2,2
466,1.6320000000000001,1.661,1.6506666666666667,1.659,0.013224556283251542,0,2,12124160,all_reduce,2,2
467,1.6340000000000001,1.643,1.6396666666666668,1.6420000000000001,0.004027681991198164,0,2,12156928,all_reduce,2,2
468,1.6520000000000001,1.661,1.6563333333333334,1.6560000000000001,0.0036817870057290433,0,2,12189696,all_reduce,2,2
469,1.6360000000000001,1.645,1.6416666666666668,1.6440000000000001,0.0040276819911981634,0,2,12222464,all_reduce,2,2
470,1.641,1.674,1.6606666666666667,1.667,0.014197026292697881,0,2,12255232,all_reduce,2,2
471,1.659,1.684,1.6693333333333333,1.665,0.010656244908763813,0,2,12288000,all_reduce,2,2
472,1.665,1.677,1.6696666666666669,1.667,0.005249338582674545,0,2,12320768,all_reduce,2,2
473,1.6540000000000001,1.677,1.6663333333333332,1.668,0.009463379711052213,0,2,12353536,all_reduce,2,2
474,1.666,1.683,1.6763333333333332,1.68,0.007408703590297662,0,2,12386304,all_reduce,2,2
475,1.672,1.684,1.6793333333333333,1.682,0.005249338582674546,0,2,12419072,all_reduce,2,2
476,1.67,1.692,1.6806666666666665,1.68,0.008993825042154702,0,2,12451840,all_reduce,2,2
477,1.687,1.69,1.6883333333333332,1.688,0.0012472191289246088,0,2,12484608,all_reduce,2,2
478,1.687,1.705,1.696,1.696,0.007348469228349541,0,2,12517376,all_reduce,2,2
479,1.699,1.72,1.7066666666666668,1.701,0.009463379711052216,0,2,12550144,all_reduce,2,2
480,1.683,1.698,1.691,1.692,0.006164414002968934,0,2,12582912,all_reduce,2,2
481,1.693,1.73,1.7133333333333336,1.717,0.015326085243430172,0,2,12615680,all_reduce,2,2
482,1.695,1.715,1.7033333333333334,1.7,0.008498365855987997,0,2,12648448,all_reduce,2,2
483,1.706,1.731,1.7186666666666666,1.719,0.010208928554075758,0,2,12681216,all_reduce,2,2
484,1.725,1.736,1.7316666666666667,1.734,0.004784233364802394,0,2,12713984,all_reduce,2,2
485,1.712,1.735,1.7243333333333333,1.726,0.00946337971105231,0,2,12746752,all_reduce,2,2
486,1.71,1.725,1.7169999999999999,1.716,0.0061644140029690295,0,2,12779520,all_reduce,2,2
487,1.706,1.741,1.7286666666666666,1.739,0.016048537489614365,0,2,12812288,all_reduce,2,2
488,1.713,1.736,1.7256666666666665,1.728,0.009533566430716687,0,2,12845056,all_reduce,2,2
489,1.739,1.747,1.743,1.743,0.0032659863237109073,0,2,12877824,all_reduce,2,2
490,1.735,1.741,1.737666666666667,1.737,0.0024944382578492965,0,2,12910592,all_reduce,2,2
491,1.725,1.754,1.735,1.726,0.013441230102437286,0,2,12943360,all_reduce,2,2
492,1.734,1.745,1.7403333333333333,1.742,0.004642796092394748,0,2,12976128,all_reduce,2,2
493,1.7510000000000001,1.7750000000000001,1.76,1.754,0.010677078252031342,0,2,13008896,all_reduce,2,2
494,1.749,1.78,1.7606666666666666,1.7530000000000001,0.013767917618708882,0,2,13041664,all_reduce,2,2
495,1.7530000000000001,1.7750000000000001,1.7636666666666667,1.7630000000000001,0.008993825042154702,0,2,13074432,all_reduce,2,2
496,1.752,1.772,1.7633333333333334,1.766,0.008379870059984364,0,2,13107200,all_reduce,2,2
497,1.7630000000000001,1.776,1.768,1.7650000000000001,0.005715476066494036,0,2,13139968,all_reduce,2,2
498,1.778,1.786,1.781666666666667,1.7810000000000001,0.0032998316455372175,0,2,13172736,all_reduce,2,2
499,1.7610000000000001,1.7810000000000001,1.769666666666667,1.7670000000000001,0.008379870059984364,0,2,13205504,all_reduce,2,2
500,1.782,1.793,1.7860000000000003,1.7830000000000001,0.00496655480858371,0,2,13238272,all_reduce,2,2
501,1.795,1.802,1.798,1.797,0.0029439202887760023,0,2,13271040,all_reduce,2,2
502,1.7870000000000001,1.81,1.8,1.803,0.009626352718795715,0,2,13303808,all_reduce,2,2
503,1.7790000000000001,1.804,1.7926666666666666,1.795,0.010338708279513832,0,2,13336576,all_reduce,2,2
504,1.7850000000000001,1.802,1.7953333333333334,1.799,0.00740870359029756,0,2,13369344,all_reduce,2,2
505,1.7870000000000001,1.804,1.7963333333333333,1.798,0.0070395706939809155,0,2,13402112,all_reduce,2,2
506,1.812,1.834,1.8206666666666669,1.816,0.009568466729604892,0,2,13434880,all_reduce,2,2
507,1.793,1.803,1.7993333333333332,1.802,0.004496912521077374,0,2,13467648,all_reduce,2,2
508,1.804,1.835,1.8146666666666667,1.805,0.014383632673594264,0,2,13500416,all_reduce,2,2
509,1.803,1.83,1.8179999999999998,1.821,0.011224972160321874,0,2,13533184,all_reduce,2,2
510,1.812,1.824,1.8193333333333335,1.822,0.005249338582674546,0,2,13565952,all_reduce,2,2
511,1.834,1.846,1.838,1.834,0.005656854249492385,0,2,13598720,all_reduce,2,2
512,1.809,1.857,1.8326666666666667,1.832,0.01960158723731889,0,2,13631488,all_reduce,2,2
513,1.829,1.84,1.8326666666666667,1.829,0.005185449728701406,0,2,13664256,all_reduce,2,2
514,1.846,1.869,1.8543333333333332,1.848,0.010402991022884781,0,2,13697024,all_reduce,2,2
515,1.851,1.868,1.8566666666666667,1.851,0.008013876853447599,0,2,13729792,all_reduce,2,2
516,1.84,1.853,1.845,1.842,0.005715476066494036,0,2,13762560,all_reduce,2,2
517,1.858,1.875,1.864,1.859,0.007788880963698594,0,2,13795328,all_reduce,2,2
518,1.864,1.883,1.8719999999999999,1.869,0.00804155872120985,0,2,13828096,all_reduce,2,2
519,1.844,1.877,1.8653333333333333,1.875,0.015107025591499507,0,2,13860864,all_reduce,2,2
520,1.841,1.8840000000000001,1.8613333333333335,1.859,0.01763204154058432,0,2,13893632,all_reduce,2,2
521,1.865,1.8920000000000001,1.8743333333333334,1.866,0.012498888839501822,0,2,13926400,all_reduce,2,2
522,1.872,1.903,1.89,1.895,0.013140268896284644,0,2,13959168,all_reduce,2,2
523,1.869,1.881,1.8733333333333333,1.87,0.005436502143433345,0,2,13991936,all_reduce,2,2
524,1.881,1.887,1.8846666666666667,1.8860000000000001,0.0026246692913372916,0,2,14024704,all_reduce,2,2
525,1.8860000000000001,1.9000000000000001,1.8913333333333335,1.8880000000000001,0.006182412330330475,0,2,14057472,all_reduce,2,2
526,1.893,1.9140000000000001,1.9030000000000002,1.9020000000000001,0.008602325267042677,0,2,14090240,all_reduce,2,2
527,1.887,1.905,1.8976666666666666,1.901,0.007717224601860157,0,2,14123008,all_reduce,2,2
528,1.897,1.9000000000000001,1.8983333333333334,1.8980000000000001,0.0012472191289246877,0,2,14155776,all_reduce,2,2
529,1.897,1.92,1.9086666666666667,1.909,0.009392668535736877,0,2,14188544,all_reduce,2,2
530,1.903,1.93,1.9133333333333333,1.907,0.011897712198383124,0,2,14221312,all_reduce,2,2
531,1.9060000000000001,1.929,1.9186666666666667,1.921,0.009533566430716687,0,2,14254080,all_reduce,2,2
532,1.9100000000000001,1.923,1.9176666666666666,1.92,0.005557777333510961,0,2,14286848,all_reduce,2,2
533,1.909,1.961,1.939,1.947,0.02196967607104546,0,2,14319616,all_reduce,2,2
534,1.924,1.939,1.9333333333333333,1.937,0.006649979114420059,0,2,14352384,all_reduce,2,2
535,1.933,1.952,1.945,1.95,0.008524474568362903,0,2,14385152,all_reduce,2,2
536,1.92,1.931,1.9240000000000002,1.921,0.004966554808583814,0,2,14417920,all_reduce,2,2
537,1.917,1.975,1.9446666666666665,1.942,0.023753362335093182,0,2,14450688,all_reduce,2,2
538,1.935,1.948,1.9430000000000003,1.946,0.005715476066494036,0,2,14483456,all_reduce,2,2
539,1.948,1.951,1.9493333333333336,1.949,0.0012472191289246877,0,2,14516224,all_reduce,2,2
540,1.941,1.959,1.9526666666666666,1.958,0.008259674462242562,0,2,14548992,all_reduce,2,2
541,1.928,1.966,1.9493333333333334,1.954,0.015860503004493775,0,2,14581760,all_reduce,2,2
542,1.94,1.963,1.954,1.959,0.010033277962195003,0,2,14614528,all_reduce,2,2
543,1.953,1.968,1.962,1.965,0.006480740698407832,0,2,14647296,all_reduce,2,2
544,1.959,1.966,1.9633333333333332,1.965,0.0030912061651652053,0,2,14680064,all_reduce,2,2
545,1.969,1.982,1.9773333333333334,1.981,0.005906681715556426,0,2,14712832,all_reduce,2,2
546,1.975,1.991,1.9843333333333335,1.987,0.006798692684790386,0,2,14745600,all_reduce,2,2
547,1.984,1.987,1.986,1.987,0.0014142135623731488,0,2,14778368,all_reduce,2,2
548,1.966,2.001,1.9846666666666666,1.987,0.014383632673594255,0,2,14811136,all_reduce,2,2
549,1.972,2.004,1.9910000000000003,1.997,0.013735598518691038,0,2,14843904,all_reduce,2,2
550,2.0060000000000002,2.0260000000000002,2.0143333333333335,2.011,0.008498365855987997,0,2,14876672,all_reduce,2,2
551,1.991,2.024,2.004,1.997,0.014352700094407284,0,2,14909440,all_reduce,2,2
552,2.0,2.017,2.0066666666666664,2.003,0.00740870359029756,0,2,14942208,all_reduce,2,2
553,1.992,2.0140000000000002,2.0063333333333335,2.013,0.010143416036468667,0,2,14974976,all_reduce,2,2
554,2.005,2.015,2.008666666666667,2.0060000000000002,0.00449691252107739,0,2,15007744,all_reduce,2,2
555,2.017,2.041,2.026333333333333,2.021,0.010498677165349092,0,2,15040512,all_reduce,2,2
556,2.027,2.047,2.0400000000000005,2.0460000000000003,0.009201449161228207,0,2,15073280,all_reduce,2,2
557,2.0100000000000002,2.0220000000000002,2.0153333333333334,2.0140000000000002,0.004988876515698593,0,2,15106048,all_reduce,2,2
558,1.996,2.027,2.0153333333333334,2.023,0.013767917618708986,0,2,15138816,all_reduce,2,2
559,2.028,2.048,2.037333333333333,2.036,0.008219218670625309,0,2,15171584,all_reduce,2,2
560,2.028,2.043,2.0340000000000003,2.031,0.0064807406984079,0,2,15204352,all_reduce,2,2
561,2.035,2.049,2.0403333333333333,2.037,0.006182412330330411,0,2,15237120,all_reduce,2,2
562,2.048,2.072,2.064,2.072,0.011313708498984772,0,2,15269888,all_reduce,2,2
563,2.039,2.056,2.0483333333333333,2.05,0.007039570693980898,0,2,15302656,all_reduce,2,2
564,2.033,2.056,2.048,2.055,0.010614455552060526,0,2,15335424,all_reduce,2,2
565,2.055,2.088,2.068666666666667,2.063,0.014055445761538637,0,2,15368192,all_reduce,2,2
566,2.048,2.078,2.062333333333333,2.061,0.012283683848458772,0,2,15400960,all_reduce,2,2
567,2.049,2.089,2.0723333333333334,2.079,0.016996731711975993,0,2,15433728,all_reduce,2,2
568,2.074,2.087,2.0796666666666663,2.078,0.005436502143433518,0,2,15466496,all_reduce,2,2
569,2.076,2.102,2.090666666666667,2.094,0.010873004286866637,0,2,15499264,all_reduce,2,2
570,2.081,2.091,2.0843333333333334,2.081,0.004714045207910426,0,2,15532032,all_reduce,2,2
571,2.086,2.087,2.0866666666666664,2.087,0.0004714045207911891,0,2,15564800,all_reduce,2,2
572,2.083,2.095,2.090666666666667,2.094,0.0054365021434333,0,2,15597568,all_reduce,2,2
573,2.074,2.121,2.0913333333333335,2.079,0.021076579946049653,0,2,15630336,all_reduce,2,2
574,2.092,2.106,2.097,2.093,0.006377042156569588,0,2,15663104,all_reduce,2,2
575,2.088,2.128,2.108,2.108,0.016329931618554536,0,2,15695872,all_reduce,2,2
576,2.107,2.125,2.1166666666666667,2.118,0.007408703590297527,0,2,15728640,all_reduce,2,2
577,2.111,2.1470000000000002,2.126666666666667,2.122,0.015062831370260052,0,2,15761408,all_reduce,2,2
578,2.092,2.144,2.1253333333333333,2.14,0.023626726862225823,0,2,15794176,all_reduce,2,2
579,2.087,2.1510000000000002,2.1233333333333335,2.132,0.02683695627716047,0,2,15826944,all_reduce,2,2
580,2.11,2.123,2.1183333333333336,2.122,0.005906681715556543,0,2,15859712,all_reduce,2,2
581,2.108,2.121,2.115,2.116,0.0053541261347363,0,2,15892480,all_reduce,2,2
582,2.158,2.1750000000000003,2.166,2.165,0.006976149845485594,0,2,15925248,all_reduce,2,2
583,2.126,2.16,2.1403333333333334,2.1350000000000002,0.014383632673594353,0,2,15958016,all_reduce,2,2
584,2.136,2.166,2.1460000000000004,2.136,0.014142135623730857,0,2,15990784,all_reduce,2,2
585,2.136,2.161,2.151666666666667,2.158,0.011145502331533596,0,2,16023552,all_reduce,2,2
586,2.153,2.157,2.155666666666667,2.157,0.0018856180831641283,0,2,16056320,all_reduce,2,2
587,2.1350000000000002,2.181,2.1653333333333333,2.18,0.02145279054627205,0,2,16089088,all_reduce,2,2
588,2.157,2.174,2.1646666666666667,2.1630000000000003,0.007039570693980899,0,2,16121856,all_reduce,2,2
589,2.1750000000000003,2.18,2.1773333333333333,2.177,0.0020548046676562913,0,2,16154624,all_reduce,2,2
590,2.149,2.192,2.1696666666666666,2.168,0.017594190960528923,0,2,16187392,all_reduce,2,2
591,2.1550000000000002,2.195,2.175666666666667,2.177,0.016357125528513563,0,2,16220160,all_reduce,2,2
592,2.1750000000000003,2.2,2.191666666666667,2.2,0.01178511301977575,0,2,16252928,all_reduce,2,2
593,2.169,2.177,2.1733333333333333,2.174,0.0032998316455372175,0,2,16285696,all_reduce,2,2
594,2.1750000000000003,2.206,2.1893333333333334,2.187,0.012762793146050992,0,2,16318464,all_reduce,2,2
595,2.1470000000000002,2.212,2.173666666666667,2.162,0.02778888666755513,0,2,16351232,all_reduce,2,2
596,2.181,2.215,2.2026666666666666,2.212,0.015369522511197982,0,2,16384000,all_reduce,2,2
597,2.166,2.205,2.188333333333333,2.194,0.016418147141366385,0,2,16416768,all_reduce,2,2
598,2.193,2.228,2.213,2.218,0.014719601443879784,0,2,16449536,all_reduce,2,2
599,2.193,2.211,2.201,2.199,0.0074833147735478105,0,2,16482304,all_reduce,2,2
600,2.193,2.227,2.2103333333333333,2.211,0.013888444437333025,0,2,16515072,all_reduce,2,2
601,2.231,2.242,2.235,2.232,0.004966554808583769,0,2,16547840,all_reduce,2,2
602,2.211,2.236,2.2230000000000003,2.222,0.010230672835482018,0,2,16580608,all_reduce,2,2
603,2.203,2.229,2.2129999999999996,2.207,0.011430952132988278,0,2,16613376,all_reduce,2,2
604,2.207,2.239,2.2266666666666666,2.234,0.01405544576153871,0,2,16646144,all_reduce,2,2
605,2.208,2.259,2.2253333333333334,2.209,0.023809428571237985,0,2,16678912,all_reduce,2,2
606,2.217,2.227,2.223333333333333,2.226,0.0044969125210772695,0,2,16711680,all_reduce,2,2
607,2.232,2.269,2.2479999999999998,2.243,0.015513435037626795,0,2,16744448,all_reduce,2,2
608,2.244,2.259,2.253,2.2560000000000002,0.0064807406984077635,0,2,16777216,all_reduce,2,2
609,2.235,2.262,2.2516666666666665,2.258,0.011897712198383228,0,2,16777216,all_reduce,2,2
610,2.3000000000000003,2.321,2.3076666666666665,2.302,0.009463379711052261,0,2,16908288,all_reduce,2,2
611,2.3000000000000003,2.337,2.3123333333333336,2.3000000000000003,0.017441967269268135,0,2,17039360,all_reduce,2,2
612,2.32,2.335,2.326333333333333,2.324,0.006342099196813539,0,2,17170432,all_reduce,2,2
613,2.348,2.372,2.3633333333333333,2.37,0.010873004286866782,0,2,17301504,all_reduce,2,2
614,2.361,2.366,2.3633333333333333,2.363,0.0020548046676562913,0,2,17432576,all_reduce,2,2
615,2.368,2.4050000000000002,2.3826666666666667,2.375,0.016048537489614448,0,2,17563648,all_reduce,2,2
616,2.395,2.407,2.3996666666666666,2.3970000000000002,0.005249338582674508,0,2,17694720,all_reduce,2,2
617,2.402,2.4090000000000003,2.4053333333333335,2.4050000000000002,0.002867441755680921,0,2,17825792,all_reduce,2,2
618,2.42,2.436,2.43,2.434,0.0071180521680209215,0,2,17956864,all_reduce,2,2
619,2.431,2.475,2.452666666666667,2.452,0.017969109295924757,0,2,18087936,all_reduce,2,2
620,2.463,2.478,2.469333333333333,2.467,0.006342099196813539,0,2,18219008,all_reduce,2,2
621,2.451,2.483,2.465,2.461,0.013366625103842315,0,2,18350080,all_reduce,2,2
622,2.472,2.5100000000000002,2.4926666666666666,2.496,0.015691469727919856,0,2,18481152,all_reduce,2,2
623,2.493,2.525,2.5116666666666667,2.517,0.013597385369580772,0,2,18612224,all_reduce,2,2
624,2.5100000000000002,2.54,2.528,2.5340000000000003,0.012961481396815664,0,2,18743296,all_reduce,2,2
625,2.535,2.5580000000000003,2.546,2.545,0.009416297927883753,0,2,18874368,all_reduce,2,2
626,2.5380000000000003,2.605,2.569666666666667,2.566,0.02747524137999307,0,2,19005440,all_reduce,2,2
627,2.561,2.593,2.5816666666666666,2.591,0.014636332266733491,0,2,19136512,all_reduce,2,2
628,2.561,2.588,2.5763333333333334,2.58,0.01132352516764208,0,2,19267584,all_reduce,2,2
629,2.611,2.648,2.6253333333333337,2.617,0.016213848676020416,0,2,19398656,all_reduce,2,2
630,2.61,2.628,2.6203333333333334,2.623,0.007586537784494148,0,2,19529728,all_reduce,2,2
631,2.628,2.66,2.6460000000000004,2.65,0.01336662510384227,0,2,19660800,all_reduce,2,2
632,2.642,2.645,2.643333333333333,2.6430000000000002,0.001247219128924668,0,2,19791872,all_reduce,2,2
633,2.6550000000000002,2.6870000000000003,2.675333333333333,2.684,0.014429907214608899,0,2,19922944,all_reduce,2,2
634,2.6830000000000003,2.697,2.690666666666667,2.692,0.0057927157323275046,0,2,20054016,all_reduce,2,2
635,2.6750000000000003,2.724,2.6950000000000003,2.686,0.020992061991778402,0,2,20185088,all_reduce,2,2
636,2.708,2.726,2.715666666666667,2.713,0.007586537784493947,0,2,20316160,all_reduce,2,2
637,2.738,2.785,2.7596666666666665,2.7560000000000002,0.01936204764194353,0,2,20447232,all_reduce,2,2
638,2.74,2.7880000000000003,2.7693333333333334,2.7800000000000002,0.020997354330698183,0,2,20578304,all_reduce,2,2
639,2.773,2.818,2.7896666666666667,2.778,0.020138409955990942,0,2,20709376,all_reduce,2,2
640,2.799,2.8080000000000003,2.803666666666667,2.8040000000000003,0.003681787005729231,0,2,20840448,all_reduce,2,2
641,2.8000000000000003,2.826,2.8123333333333336,2.811,0.010656244908763782,0,2,20971520,all_reduce,2,2
642,2.83,2.837,2.834,2.835,0.0029439202887759767,0,2,21102592,all_reduce,2,2
643,2.831,2.85,2.8426666666666667,2.847,0.008339997335464576,0,2,21233664,all_reduce,2,2
644,2.85,2.874,2.8636666666666666,2.867,0.010077477638553978,0,2,21364736,all_reduce,2,2
645,2.842,2.873,2.855,2.85,0.013140268896284746,0,2,21495808,all_reduce,2,2
646,2.872,2.9090000000000003,2.8930000000000002,2.898,0.015513435037626947,0,2,21626880,all_reduce,2,2
647,2.88,2.9090000000000003,2.8979999999999997,2.9050000000000002,0.012832251036613606,0,2,21757952,all_reduce,2,2
648,2.873,2.9410000000000003,2.905666666666667,2.903,0.027824849006278973,0,2,21889024,all_reduce,2,2
649,2.914,2.945,2.933666666666667,2.942,0.013960261060914537,0,2,22020096,all_reduce,2,2
650,2.915,2.967,2.9480000000000004,2.962,0.023423634787681193,0,2,22151168,all_reduce,2,2
651,2.97,2.987,2.9783333333333335,2.978,0.006944222218666513,0,2,22282240,all_reduce,2,2
652,2.945,3.0220000000000002,2.9823333333333335,2.98,0.0314783876475416,0,2,22413312,all_reduce,2,2
653,2.993,3.049,3.017666666666667,3.011,0.02334285520001546,0,2,22544384,all_reduce,2,2
654,3.0020000000000002,3.0420000000000003,3.0243333333333333,3.029,0.01665999866613305,0,2,22675456,all_reduce,2,2
655,3.0220000000000002,3.061,3.0430000000000006,3.0460000000000003,0.0160623784042089,0,2,22806528,all_reduce,2,2
656,3.025,3.093,3.0516666666666663,3.037,0.029634814361190517,0,2,22937600,all_reduce,2,2
657,3.055,3.103,3.0720000000000005,3.0580000000000003,0.021954498400100143,0,2,23068672,all_reduce,2,2
658,3.101,3.141,3.1166666666666667,3.108,0.017441967269268166,0,2,23199744,all_reduce,2,2
659,3.11,3.166,3.1336666666666666,3.125,0.023669013968102316,0,2,23330816,all_reduce,2,2
660,3.113,3.124,3.1203333333333334,3.124,0.005185449728701406,0,2,23461888,all_reduce,2,2
661,3.1510000000000002,3.1710000000000003,3.1626666666666665,3.166,0.00849836585598794,0,2,23592960,all_reduce,2,2
662,3.141,3.172,3.157,3.158,0.012675435561221082,0,2,23724032,all_reduce,2,2
663,3.1870000000000003,3.216,3.1980000000000004,3.1910000000000003,0.012832251036613397,0,2,23855104,all_reduce,2,2
664,3.1790000000000003,3.212,3.198,3.203,0.013928388277184041,0,2,23986176,all_reduce,2,2
665,3.197,3.238,3.212666666666667,3.203,0.018080068829760824,0,2,24117248,all_reduce,2,2
666,3.222,3.2840000000000003,3.2466666666666666,3.234,0.026849374087469815,0,2,24248320,all_reduce,2,2
667,3.2520000000000002,3.2680000000000002,3.2586666666666666,3.2560000000000002,0.006798692684790385,0,2,24379392,all_reduce,2,2
668,3.2560000000000002,3.2840000000000003,3.2703333333333333,3.271,0.01144066820115368,0,2,24510464,all_reduce,2,2
669,3.279,3.3080000000000003,3.293333333333333,3.293,0.011841546445554553,0,2,24641536,all_reduce,2,2
670,3.2920000000000003,3.34,3.3200000000000003,3.3280000000000003,0.020396078054371013,0,2,24772608,all_reduce,2,2
671,3.3200000000000003,3.329,3.3236666666666665,3.322,0.0038586123009300595,0,2,24903680,all_reduce,2,2
672,3.3040000000000003,3.348,3.327666666666667,3.331,0.018116904322268087,0,2,25034752,all_reduce,2,2
673,3.349,3.359,3.3550000000000004,3.357,0.004320493798938509,0,2,25165824,all_reduce,2,2
674,3.3810000000000002,3.416,3.403,3.412,0.01564182427553328,0,2,25296896,all_reduce,2,2
675,3.423,3.444,3.436666666666667,3.443,0.00967241208569792,0,2,25427968,all_reduce,2,2
676,3.431,3.461,3.4456666666666664,3.4450000000000003,0.012256517540566739,0,2,25559040,all_reduce,2,2
677,3.4370000000000003,3.479,3.457333333333333,3.456,0.017172329163188272,0,2,25690112,all_reduce,2,2
678,3.484,3.503,3.496,3.501,0.008524474568362963,0,2,25821184,all_reduce,2,2
679,3.483,3.498,3.4926666666666666,3.497,0.0068475461947247,0,2,25952256,all_reduce,2,2
680,3.498,3.529,3.513666666666667,3.5140000000000002,0.012657891697364893,0,2,26083328,all_reduce,2,2
681,3.5220000000000002,3.541,3.529,3.524,0.008524474568362842,0,2,26214400,all_reduce,2,2
682,3.5220000000000002,3.552,3.532,3.5220000000000002,0.014142135623730857,0,2,26345472,all_reduce,2,2
683,3.555,3.596,3.580666666666667,3.591,0.018263503375736952,0,2,26476544,all_reduce,2,2
684,3.5620000000000003,3.5780000000000003,3.5700000000000003,3.5700000000000003,0.0065319726474218145,0,2,26607616,all_reduce,2,2
685,3.571,3.598,3.5869999999999997,3.592,0.011575836902790114,0,2,26738688,all_reduce,2,2
686,3.593,3.604,3.5980000000000003,3.597,0.004546060565662004,0,2,26869760,all_reduce,2,2
687,3.584,3.637,3.614333333333333,3.622,0.022305953365762105,0,2,27000832,all_reduce,2,2
688,3.628,3.664,3.6430000000000002,3.637,0.015297058540778384,0,2,27131904,all_reduce,2,2
689,3.63,3.6750000000000003,3.654666666666667,3.6590000000000003,0.018624953392932155,0,2,27262976,all_reduce,2,2
690,3.68,3.694,3.686666666666666,3.686,0.00573488351136167,0,2,27394048,all_reduce,2,2
691,3.669,3.69,3.6773333333333333,3.673,0.009104333522498398,0,2,27525120,all_reduce,2,2
692,3.6990000000000003,3.724,3.712666666666667,3.715,0.010338708279513817,0,2,27656192,all_reduce,2,2
693,3.72,3.726,3.724,3.726,0.0028284271247460877,0,2,27787264,all_reduce,2,2
694,3.712,3.732,3.7193333333333336,3.714,0.008993825042154747,0,2,27918336,all_reduce,2,2
695,3.744,3.75,3.7473333333333336,3.748,0.0024944382578492175,0,2,28049408,all_reduce,2,2
696,3.763,3.794,3.779,3.7800000000000002,0.012675435561221094,0,2,28180480,all_reduce,2,2
697,3.777,3.825,3.794333333333334,3.781,0.021746008573733475,0,2,28311552,all_reduce,2,2
698,3.7880000000000003,3.825,3.81,3.817,0.015895492023421783,0,2,28442624,all_reduce,2,2
699,3.795,3.817,3.808,3.8120000000000003,0.009416297927883815,0,2,28573696,all_reduce,2,2
700,3.806,3.842,3.8183333333333334,3.807,0.016739839372652998,0,2,28704768,all_reduce,2,2
701,3.844,3.8810000000000002,3.864333333333333,3.868,0.015326085243430333,0,2,28835840,all_reduce,2,2
702,3.863,3.898,3.8813333333333335,3.883,0.014337208778404434,0,2,28966912,all_reduce,2,2
703,3.874,3.9170000000000003,3.8906666666666667,3.8810000000000002,0.01883849486792644,0,2,29097984,all_reduce,2,2
704,3.898,3.9290000000000003,3.917666666666667,3.926,0.013960261060914659,0,2,29229056,all_reduce,2,2
705,3.911,3.94,3.9273333333333333,3.931,0.012119772641798534,0,2,29360128,all_reduce,2,2
706,3.908,3.927,3.919,3.922,0.008041558721209952,0,2,29491200,all_reduce,2,2
707,3.95,3.995,3.9756666666666667,3.982,0.018909139471577092,0,2,29622272,all_reduce,2,2
708,3.956,3.992,3.9749999999999996,3.977,0.014764823060233408,0,2,29753344,all_reduce,2,2
709,3.973,4.0,3.9906666666666664,3.999,0.01249888883950187,0,2,29884416,all_reduce,2,2
710,4.0040000000000004,4.023,4.013000000000001,4.0120000000000005,0.007788880963698289,0,2,30015488,all_reduce,2,2
711,3.995,4.032,4.011,4.006,0.015513435037626748,0,2,30146560,all_reduce,2,2
712,4.038,4.048,4.043666666666667,4.045,0.00418993502999207,0,2,30277632,all_reduce,2,2
713,4.058,4.09,4.069333333333334,4.0600000000000005,0.014636332266733304,0,2,30408704,all_reduce,2,2
714,4.04,4.1,4.073333333333333,4.08,0.024944382578492807,0,2,30539776,all_reduce,2,2
715,4.079,4.114,4.0953333333333335,4.093,0.014383632673594327,0,2,30670848,all_reduce,2,2
716,4.0840000000000005,4.117,4.097666666666667,4.0920000000000005,0.014055445761538434,0,2,30801920,all_reduce,2,2
717,4.109,4.139,4.124333333333333,4.125,0.012256517540566924,0,2,30932992,all_reduce,2,2
718,4.122,4.18,4.152666666666666,4.156,0.023795424396766254,0,2,31064064,all_reduce,2,2
719,4.1450000000000005,4.176,4.156,4.147,0.014165686240583755,0,2,31195136,all_reduce,2,2
720,4.167,4.192,4.183333333333333,4.191,0.011556623882239905,0,2,31326208,all_reduce,2,2
721,4.168,4.227,4.203333333333333,4.215,0.025460208605237754,0,2,31457280,all_reduce,2,2
722,4.218,4.232,4.2236666666666665,4.221,0.006018490028422688,0,2,31588352,all_reduce,2,2
723,4.215,4.238,4.2283333333333335,4.232,0.009741092797468539,0,2,31719424,all_reduce,2,2
724,4.24,4.287,4.259666666666667,4.252,0.019938795238317496,0,2,31850496,all_reduce,2,2
725,4.264,4.281,4.271,4.268,0.007257180352358893,0,2,31981568,all_reduce,2,2
726,4.2780000000000005,4.3100000000000005,4.292333333333334,4.289,0.013274871834493327,0,2,32112640,all_reduce,2,2
727,4.298,4.3260000000000005,4.308333333333334,4.301,0.012552113589175351,0,2,32243712,all_reduce,2,2
728,4.293,4.319,4.306333333333334,4.307,0.01062491830033941,0,2,32374784,all_reduce,2,2
729,4.319,4.357,4.337666666666666,4.337,0.015520595635763863,0,2,32505856,all_reduce,2,2
730,4.301,4.351,4.329,4.335,0.020848661028149106,0,2,32636928,all_reduce,2,2
731,4.332,4.375,4.346666666666667,4.333,0.020038851153585512,0,2,32768000,all_reduce,2,2
732,4.3790000000000004,4.4270000000000005,4.396666666666667,4.384,0.02154581681492312,0,2,32899072,all_reduce,2,2
733,4.391,4.428,4.406666666666667,4.401,0.01562761089297471,0,2,33030144,all_reduce,2,2
734,4.417,4.438,4.426333333333333,4.424,0.008730533902472437,0,2,33161216,all_reduce,2,2
735,4.4030000000000005,4.433,4.421,4.4270000000000005,0.012961481396815527,0,2,33292288,all_reduce,2,2
736,4.431,4.4750000000000005,4.451333333333333,4.448,0.018116904322268444,0,2,33423360,all_reduce,2,2
737,4.442,4.483,4.4639999999999995,4.4670000000000005,0.016872067646458176,0,2,33554432,all_reduce,2,2
738,4.518,4.533,4.526666666666666,4.529,0.006342099196813686,0,2,33685504,all_reduce,2,2
739,4.534,4.564,4.544666666666667,4.5360000000000005,0.0136950923894494,0,2,33816576,all_reduce,2,2
740,4.5360000000000005,4.547,4.541333333333334,4.541,0.0044969125210770275,0,2,33947648,all_reduce,2,2
741,4.578,4.6080000000000005,4.588,4.578,0.014142135623731067,0,2,34078720,all_reduce,2,2
742,4.585,4.603,4.596333333333333,4.601,0.008055363982396329,0,2,34209792,all_reduce,2,2
743,4.612,4.6370000000000005,4.624333333333333,4.624,0.010208928554075854,0,2,34340864,all_reduce,2,2
744,4.625,4.646,4.634333333333333,4.632,0.008730533902472517,0,2,34471936,all_reduce,2,2
745,4.625,4.6690000000000005,4.642333333333333,4.633,0.019136933459209988,0,2,34603008,all_reduce,2,2
746,4.66,4.673,4.666,4.665,0.0053541261347363,0,2,34734080,all_reduce,2,2
747,4.675,4.6930000000000005,4.686,4.69,0.00787400787401211,0,2,34865152,all_reduce,2,2
748,4.668,4.688,4.681,4.687,0.009201449161228094,0,2,34996224,all_reduce,2,2
749,4.689,4.7250000000000005,4.708333333333334,4.711,0.014817407180595439,0,2,35127296,all_reduce,2,2
750,4.7010000000000005,4.753,4.719333333333334,4.704,0.023837412238374812,0,2,35258368,all_reduce,2,2
751,4.714,4.7620000000000005,4.744666666666667,4.758,0.02174600857373338,0,2,35389440,all_reduce,2,2
752,4.7250000000000005,4.727,4.726,4.726,0.0008164965809276362,0,2,35520512,all_reduce,2,2
753,4.783,4.79,4.787333333333333,4.789,0.0030912061651650214,0,2,35651584,all_reduce,2,2
754,4.769,4.788,4.777333333333334,4.775,0.007930251502246913,0,2,35782656,all_reduce,2,2
755,4.7620000000000005,4.835,4.8066666666666675,4.823,0.03196178273431483,0,2,35913728,all_reduce,2,2
756,4.819,4.861,4.839666666666666,4.839,0.017152907107024728,0,2,36044800,all_reduce,2,2
757,4.828,4.864,4.846,4.846,0.0146969384566989,0,2,36175872,all_reduce,2,2
758,4.8500000000000005,4.896,4.8773333333333335,4.886,0.01975404318670515,0,2,36306944,all_reduce,2,2
759,4.846,4.874,4.855333333333333,4.846,0.01319932658214869,0,2,36438016,all_reduce,2,2
760,4.864,4.888,4.879666666666667,4.8870000000000005,0.011085526098877392,0,2,36569088,all_reduce,2,2
761,4.901,4.908,4.905666666666668,4.908,0.0032998316455374863,0,2,36700160,all_reduce,2,2
762,4.892,4.937,4.908,4.8950000000000005,0.02054263858417408,0,2,36831232,all_reduce,2,2
763,4.924,4.992,4.955333333333333,4.95,0.028015868519267437,0,2,36962304,all_reduce,2,2
764,4.933,4.945,4.941,4.945,0.005656854249492594,0,2,37093376,all_reduce,2,2
765,4.9350000000000005,4.9830000000000005,4.966,4.98,0.021954498400100147,0,2,37224448,all_reduce,2,2
766,4.982,5.023,4.997,4.986,0.018457157599876015,0,2,37355520,all_reduce,2,2
767,4.978,5.016,4.994666666666666,4.99,0.015860503004493827,0,2,37486592,all_reduce,2,2
768,5.026,5.039,5.033333333333333,5.035,0.0054365021434333635,0,2,37617664,all_reduce,2,2
769,5.032,5.064,5.052666666666667,5.062,0.014636332266733493,0,2,37748736,all_reduce,2,2
770,5.037,5.087,5.056666666666666,5.046,0.02176133165859915,0,2,37879808,all_reduce,2,2
771,5.073,5.106,5.088,5.085,0.013638181696985656,0,2,38010880,all_reduce,2,2
772,5.0680000000000005,5.095,5.081666666666667,5.082,0.011025223605693841,0,2,38141952,all_reduce,2,2
773,5.103,5.124,5.113,5.112,0.008602325267042575,0,2,38273024,all_reduce,2,2
774,5.112,5.156,5.133333333333333,5.132,0.017987650084309227,0,2,38404096,all_reduce,2,2
775,5.14,5.181,5.156333333333333,5.148,0.017745108872275057,0,2,38535168,all_reduce,2,2
776,5.164,5.176,5.170333333333333,5.171,0.004921607686744667,0,2,38666240,all_reduce,2,2
777,5.13,5.181,5.163333333333333,5.179,0.02358436393507843,0,2,38797312,all_reduce,2,2
778,5.184,5.195,5.188666666666667,5.187,0.0046427960923947475,0,2,38928384,all_reduce,2,2
779,5.158,5.215,5.184666666666667,5.181,0.02341414577178106,0,2,39059456,all_reduce,2,2
780,5.2250000000000005,5.248,5.234333333333335,5.23,0.009877021593352575,0,2,39190528,all_reduce,2,2
781,5.22,5.256,5.2379999999999995,5.238,0.014696938456699263,0,2,39321600,all_reduce,2,2
782,5.213,5.2860000000000005,5.250333333333334,5.252,0.029825417944356867,0,2,39452672,all_reduce,2,2
783,5.253,5.261,5.256,5.2540000000000004,0.003559026084010378,0,2,39583744,all_reduce,2,2
784,5.251,5.309,5.2860000000000005,5.298,0.025152865973217878,0,2,39714816,all_reduce,2,2
785,5.282,5.338,5.31,5.3100000000000005,0.022861904265976347,0,2,39845888,all_reduce,2,2
786,5.273,5.338,5.3116666666666665,5.324,0.02793245822018231,0,2,39976960,all_reduce,2,2
787,5.328,5.344,5.3373333333333335,5.34,0.006798692684790327,0,2,40108032,all_reduce,2,2
788,5.328,5.38,5.357,5.363,0.02164871050817256,0,2,40239104,all_reduce,2,2
789,5.356,5.37,5.363666666666667,5.365,0.005792715732327701,0,2,40370176,all_reduce,2,2
790,5.361,5.416,5.384666666666667,5.377,0.02309882151876082,0,2,40501248,all_reduce,2,2
791,5.402,5.413,5.409,5.412,0.004966554808583769,0,2,40632320,all_reduce,2,2
792,5.417,5.438,5.424333333333333,5.418,0.009672412085697824,0,2,40763392,all_reduce,2,2
793,5.418,5.461,5.434666666666666,5.425,0.018838494867926513,0,2,40894464,all_reduce,2,2
794,5.449,5.489,5.469,5.469,0.016329931618554536,0,2,41025536,all_reduce,2,2
795,5.461,5.495,5.477666666666667,5.477,0.013888444437333025,0,2,41156608,all_reduce,2,2
796,5.489,5.523,5.500333333333334,5.489,0.016027753706894986,0,2,41287680,all_reduce,2,2
797,5.487,5.519,5.499333333333333,5.492,0.01405544576153871,0,2,41418752,all_reduce,2,2
798,5.482,5.548,5.516333333333333,5.519,0.027010286106510458,0,2,41549824,all_reduce,2,2
799,5.531,5.55,5.540333333333333,5.54,0.007760297817881926,0,2,41680896,all_reduce,2,2
800,5.55,5.595,5.571666666666666,5.57,0.01840893502864539,0,2,41811968,all_reduce,2,2
801,5.5920000000000005,5.615,5.600333333333334,5.594,0.01040299102288472,0,2,41943040,all_reduce,2,2
802,5.614,5.6610000000000005,5.644000000000001,5.657,0.021275964529644118,0,2,42074112,all_reduce,2,2
803,5.663,5.72,5.683,5.666,0.026191601707417328,0,2,42205184,all_reduce,2,2
804,5.649,5.702,5.667333333333333,5.651,0.024526629518862888,0,2,42336256,all_reduce,2,2
805,5.6930000000000005,5.714,5.702000000000001,5.699,0.00883176086632788,0,2,42467328,all_reduce,2,2
806,5.6930000000000005,5.699,5.696000000000001,5.696,0.0024494897427829085,0,2,42598400,all_reduce,2,2
807,5.7170000000000005,5.7490000000000006,5.734333333333335,5.737,0.01319932658214887,0,2,42729472,all_reduce,2,2
808,5.734,5.758,5.744,5.74,0.01019803902718555,0,2,42860544,all_reduce,2,2
809,5.755,5.772,5.765333333333333,5.769,0.007408703590297766,0,2,42991616,all_reduce,2,2
810,5.763,5.797,5.776666666666666,5.7700000000000005,0.014659088951530508,0,2,43122688,all_reduce,2,2
811,5.765,5.798,5.783999999999999,5.789,0.013928388277184242,0,2,43253760,all_reduce,2,2
812,5.793,5.827,5.811666666666667,5.815,0.014079141387961867,0,2,43384832,all_reduce,2,2
813,5.827,5.849,5.8356666666666674,5.831,0.009568466729604923,0,2,43515904,all_reduce,2,2
814,5.829,5.88,5.852,5.847,0.02111871208194289,0,2,43646976,all_reduce,2,2
815,5.8500000000000005,5.856,5.853333333333334,5.854,0.0024944382578490198,0,2,43778048,all_reduce,2,2
816,5.863,5.892,5.873,5.864,0.013441230102437385,0,2,43909120,all_reduce,2,2
817,5.864,5.907,5.886,5.8870000000000005,0.017568911937472655,0,2,44040192,all_reduce,2,2
818,5.9110000000000005,5.931,5.921,5.921,0.008164965809277086,0,2,44171264,all_reduce,2,2
819,5.912,5.926,5.9173333333333344,5.914,0.006182412330330618,0,2,44302336,all_reduce,2,2
820,5.915,5.955,5.93,5.92,0.01779513042005222,0,2,44433408,all_reduce,2,2
821,5.94,5.964,5.950333333333333,5.947,0.010077477638554029,0,2,44564480,all_reduce,2,2
822,5.9430000000000005,5.95,5.947,5.948,0.002943920288775826,0,2,44695552,all_reduce,2,2
823,5.928,6.0040000000000004,5.974333333333334,5.9910000000000005,0.033189690501051264,0,2,44826624,all_reduce,2,2
824,5.99,6.016,6.001333333333332,5.998,0.010873004286866637,0,2,44957696,all_reduce,2,2
825,6.021,6.035,6.028666666666667,6.03,0.005792715732327701,0,2,45088768,all_reduce,2,2
826,6.014,6.054,6.028,6.016,0.018402898322456413,0,2,45219840,all_reduce,2,2
827,6.025,6.062,6.040333333333334,6.034,0.015755069730795334,0,2,45350912,all_reduce,2,2
828,6.033,6.078,6.057666666666667,6.062,0.018624953392931957,0,2,45481984,all_reduce,2,2
829,6.0520000000000005,6.107,6.084333333333333,6.094,0.023471022323045144,0,2,45613056,all_reduce,2,2
830,6.097,6.117,6.106000000000001,6.104,0.008286535263103873,0,2,45744128,all_reduce,2,2
831,6.09,6.128,6.106333333333333,6.101,0.015965240019770833,0,2,45875200,all_reduce,2,2
832,6.122,6.127,6.124666666666666,6.125,0.0020548046676562913,0,2,46006272,all_reduce,2,2
833,6.142,6.184,6.161666666666666,6.159,0.017249798710580765,0,2,46137344,all_reduce,2,2
834,6.158,6.179,6.169666666666667,6.172,0.008730533902472437,0,2,46268416,all_reduce,2,2
835,6.139,6.2090000000000005,6.173666666666667,6.173,0.02858126814696814,0,2,46399488,all_reduce,2,2
836,6.1770000000000005,6.207,6.187333333333334,6.178,0.013912424503139294,0,2,46530560,all_reduce,2,2
837,6.199,6.2490000000000006,6.227,6.2330000000000005,0.0208486610281495,0,2,46661632,all_reduce,2,2
838,6.199,6.287,6.245666666666668,6.251,0.03612324582438423,0,2,46792704,all_reduce,2,2
839,6.227,6.2780000000000005,6.256333333333334,6.264,0.02151485275080661,0,2,46923776,all_reduce,2,2
840,6.2330000000000005,6.275,6.256666666666668,6.2620000000000005,0.017556258776351516,0,2,47054848,all_reduce,2,2
841,6.28,6.298,6.291333333333334,6.296,0.008055363982396329,0,2,47185920,all_reduce,2,2
842,6.2700000000000005,6.291,6.277666666666668,6.272,0.009463379711052261,0,2,47316992,all_reduce,2,2
843,6.2940000000000005,6.329,6.313666666666667,6.3180000000000005,0.014613540144521724,0,2,47448064,all_reduce,2,2
844,6.338,6.363,6.354,6.361,0.011343133018115735,0,2,47579136,all_reduce,2,2
845,6.333,6.361,6.347333333333334,6.348,0.011440668201153503,0,2,47710208,all_reduce,2,2
846,6.353,6.371,6.362666666666667,6.364,0.007408703590297886,0,2,47841280,all_reduce,2,2
847,6.381,6.425,6.399333333333334,6.392,0.018696404883173343,0,2,47972352,all_reduce,2,2
848,6.381,6.407,6.394666666666667,6.396,0.010656244908763764,0,2,48103424,all_reduce,2,2
849,6.439,6.465,6.453,6.455,0.0107082522694726,0,2,48234496,all_reduce,2,2
850,6.408,6.444,6.429333333333333,6.436,0.01543444920372011,0,2,48365568,all_reduce,2,2
851,6.432,6.509,6.471,6.472,0.031443070248731525,0,2,48496640,all_reduce,2,2
852,6.4350000000000005,6.489,6.462,6.462,0.02204540768504835,0,2,48627712,all_reduce,2,2
853,6.469,6.527,6.501,6.507000000000001,0.024055491403558248,0,2,48758784,all_reduce,2,2
854,6.501,6.523000000000001,6.508666666666667,6.502,0.010143416036468862,0,2,48889856,all_reduce,2,2
855,6.4910000000000005,6.583,6.538666666666667,6.542,0.037632728073077694,0,2,49020928,all_reduce,2,2
856,6.531,6.541,6.537,6.539,0.004320493798938783,0,2,49152000,all_reduce,2,2
857,6.543,6.556,6.550333333333334,6.5520000000000005,0.0054365021434333635,0,2,49283072,all_reduce,2,2
858,6.524,6.566,6.551333333333333,6.564,0.01934482417139584,0,2,49414144,all_reduce,2,2
859,6.593,6.621,6.609666666666667,6.615,0.012036980056845375,0,2,49545216,all_reduce,2,2
860,6.6160000000000005,6.628,6.622333333333334,6.623,0.004921607686744285,0,2,49676288,all_reduce,2,2
861,6.635,6.652,6.6450000000000005,6.648000000000001,0.007257180352359302,0,2,49807360,all_reduce,2,2
862,6.596,6.664,6.638333333333333,6.655,0.03015883876337998,0,2,49938432,all_reduce,2,2
863,6.642,6.687,6.665,6.666,0.01838477631085021,0,2,50069504,all_reduce,2,2
864,6.67,6.675,6.6723333333333334,6.672,0.0020548046676562913,0,2,50200576,all_reduce,2,2
865,6.657,6.6770000000000005,6.668333333333334,6.671,0.008379870059984541,0,2,50331648,all_reduce,2,2
866,6.755,6.799,6.774,6.768,0.0184571575998764,0,2,50462720,all_reduce,2,2
867,6.752,6.764,6.7573333333333325,6.756,0.004988876515698751,0,2,50593792,all_reduce,2,2
868,6.774,6.792,6.784,6.7860000000000005,0.00748331477354785,0,2,50724864,all_reduce,2,2
869,6.773000000000001,6.864,6.815666666666668,6.8100000000000005,0.03736605708690977,0,2,50855936,all_reduce,2,2
870,6.8,6.867,6.829000000000001,6.82,0.028083209693100752,0,2,50987008,all_reduce,2,2
871,6.814,6.8340000000000005,6.824000000000001,6.824,0.008164965809277449,0,2,51118080,all_reduce,2,2
872,6.809,6.888,6.853999999999999,6.865,0.03317629675938321,0,2,51249152,all_reduce,2,2
873,6.878,6.893,6.885333333333333,6.885,0.006128258770283284,0,2,51380224,all_reduce,2,2
874,6.888,6.924,6.905000000000001,6.9030000000000005,0.014764823060233578,0,2,51511296,all_reduce,2,2
875,6.88,6.925,6.905,6.91,0.018708286933869705,0,2,51642368,all_reduce,2,2
876,6.899,6.934,6.916333333333334,6.916,0.014290634073484066,0,2,51773440,all_reduce,2,2
877,6.898000000000001,6.9270000000000005,6.913666666666667,6.916,0.011953614051360695,0,2,51904512,all_reduce,2,2
878,6.931,6.9590000000000005,6.944333333333334,6.9430000000000005,0.011469767022723685,0,2,52035584,all_reduce,2,2
879,6.955,7.011,6.974,6.956,0.02616613587572043,0,2,52166656,all_reduce,2,2
880,6.986,7.002,6.992333333333334,6.989,0.006944222218666541,0,2,52297728,all_reduce,2,2
881,6.995,7.016,7.006666666666668,7.009,0.008730533902472517,0,2,52428800,all_reduce,2,2
882,7.007000000000001,7.05,7.027333333333334,7.025,0.01763204154058395,0,2,52559872,all_reduce,2,2
883,7.025,7.055,7.043,7.049,0.012961481396815527,0,2,52690944,all_reduce,2,2
884,7.035,7.071,7.051333333333333,7.048,0.014884742374510563,0,2,52822016,all_reduce,2,2
885,7.08,7.097,7.089333333333333,7.091,0.007039570693981094,0,2,52953088,all_reduce,2,2
886,7.069,7.094,7.0856666666666674,7.094,0.01178511301977596,0,2,53084160,all_reduce,2,2
887,7.0840000000000005,7.113,7.097333333333334,7.095,0.011953614051360752,0,2,53215232,all_reduce,2,2
888,7.107,7.115,7.110333333333334,7.109,0.003399346342395222,0,2,53346304,all_reduce,2,2
889,7.136,7.146,7.139666666666667,7.1370000000000005,0.004496912521077181,0,2,53477376,all_reduce,2,2
890,7.107,7.1850000000000005,7.1560000000000015,7.176,0.03484250278036876,0,2,53608448,all_reduce,2,2
891,7.154,7.194,7.174666666666667,7.176,0.01635712552851375,0,2,53739520,all_reduce,2,2
892,7.188,7.206,7.195,7.191,0.00787400787401211,0,2,53870592,all_reduce,2,2
893,7.143,7.22,7.187333333333332,7.199,0.03249957264676294,0,2,54001664,all_reduce,2,2
894,7.215,7.2700000000000005,7.239666666666667,7.234,0.022808380526074926,0,2,54132736,all_reduce,2,2
895,7.2330000000000005,7.253,7.245,7.2490000000000006,0.008640987597877018,0,2,54263808,all_reduce,2,2
896,7.18,7.292,7.230999999999999,7.221,0.0462673390921357,0,2,54394880,all_reduce,2,2
897,7.2620000000000005,7.303,7.2763333333333335,7.264,0.018873850222522557,0,2,54525952,all_reduce,2,2
898,7.256,7.327,7.291666666666667,7.292,0.028986586936412775,0,2,54657024,all_reduce,2,2
899,7.263,7.299,7.279333333333334,7.276,0.014884742374510955,0,2,54788096,all_reduce,2,2
900,7.308,7.352,7.328333333333333,7.325,0.018116904322268444,0,2,54919168,all_reduce,2,2
901,7.303,7.352,7.331333333333333,7.339,0.02072572207561327,0,2,55050240,all_reduce,2,2
902,7.36,7.381,7.368333333333333,7.364,0.009104333522498469,0,2,55181312,all_reduce,2,2
903,7.362,7.412,7.388000000000001,7.390000000000001,0.020461345670963686,0,2,55312384,all_reduce,2,2
904,7.341,7.404,7.367,7.356,0.026870057685088725,0,2,55443456,all_reduce,2,2
905,7.392,7.44,7.417666666666666,7.421,0.019737161790783293,0,2,55574528,all_reduce,2,2
906,7.42,7.45,7.435666666666667,7.437,0.012283683848458963,0,2,55705600,all_reduce,2,2
907,7.433,7.4670000000000005,7.4476666666666675,7.4430000000000005,0.014267289706022038,0,2,55836672,all_reduce,2,2
908,7.45,7.461,7.454000000000001,7.4510000000000005,0.004966554808583769,0,2,55967744,all_reduce,2,2
909,7.47,7.486,7.480333333333333,7.485,0.00731816613336684,0,2,56098816,all_reduce,2,2
910,7.463,7.505,7.483666666666667,7.4830000000000005,0.017152907107024728,0,2,56229888,all_reduce,2,2
911,7.456,7.546,7.507333333333334,7.5200000000000005,0.037818278943154184,0,2,56360960,all_reduce,2,2
912,7.465,7.542,7.5073333333333325,7.515000000000001,0.03189914662738736,0,2,56492032,all_reduce,2,2
913,7.494,7.5360000000000005,7.516666666666667,7.5200000000000005,0.017307673314329867,0,2,56623104,all_reduce,2,2
914,7.513,7.563,7.537,7.535,0.020461345670963655,0,2,56754176,all_reduce,2,2
915,7.537,7.59,7.564666666666667,7.567,0.021699974398346377,0,2,56885248,all_reduce,2,2
916,7.559,7.587,7.569,7.561,0.012754084313139177,0,2,57016320,all_reduce,2,2
917,7.5840000000000005,7.647,7.615666666666667,7.6160000000000005,0.025720722298480457,0,2,57147392,all_reduce,2,2
918,7.571,7.63,7.603666666666666,7.61,0.024499433100017388,0,2,57278464,all_reduce,2,2
919,7.6160000000000005,7.679,7.656,7.673,0.028390139133156602,0,2,57409536,all_reduce,2,2
920,7.640000000000001,7.663,7.653666666666667,7.658,0.009877021593352573,0,2,57540608,all_reduce,2,2
921,7.66,7.714,7.6816666666666675,7.671,0.023299976156401832,0,2,57671680,all_reduce,2,2
922,7.682,7.727,7.700333333333333,7.692,0.019293061504650374,0,2,57802752,all_reduce,2,2
923,7.724,7.742,7.731333333333333,7.728,0.007717224601860119,0,2,57933824,all_reduce,2,2
924,7.687,7.704,7.697,7.7,0.007257180352358893,0,2,58064896,all_reduce,2,2
925,7.742,7.75,7.7459999999999996,7.746,0.0032659863237109073,0,2,58195968,all_reduce,2,2
926,7.726,7.7490000000000006,7.735,7.73,0.010033277962195135,0,2,58327040,all_reduce,2,2
927,7.781000000000001,7.814,7.792999999999999,7.784,0.014899664425751248,0,2,58458112,all_reduce,2,2
928,7.788,7.811,7.800999999999999,7.804,0.009626352718795661,0,2,58589184,all_reduce,2,2
929,7.738,7.822,7.785333333333334,7.796,0.03511251755270303,0,2,58720256,all_reduce,2,2
930,7.8420000000000005,7.86,7.853666666666666,7.859,0.008259674462242409,0,2,58851328,all_reduce,2,2
931,7.849,7.897,7.873,7.873,0.01959591794226544,0,2,58982400,all_reduce,2,2
932,7.87,7.938,7.912,7.928,0.02997776954122268,0,2,59113472,all_reduce,2,2
933,7.88,7.953,7.911333333333332,7.901,0.03068477726097368,0,2,59244544,all_reduce,2,2
934,7.915,7.9750000000000005,7.941666666666667,7.9350000000000005,0.024944382578493123,0,2,59375616,all_reduce,2,2
935,7.913,7.96,7.94,7.947,0.019815818596935677,0,2,59506688,all_reduce,2,2
936,7.96,7.978,7.971666666666667,7.977,0.0082596744622426,0,2,59637760,all_reduce,2,2
937,7.961,7.981,7.97,7.968,0.008286535263103873,0,2,59768832,all_reduce,2,2
938,8.005,8.037,8.022666666666668,8.026,0.013274871834493178,0,2,59899904,all_reduce,2,2
939,8.017,8.040000000000001,8.027333333333333,8.025,0.009533566430717302,0,2,60030976,all_reduce,2,2
940,8.026,8.033,8.030666666666667,8.033,0.003299831645537068,0,2,60162048,all_reduce,2,2
941,8.006,8.068,8.039666666666667,8.045,0.025590796956892065,0,2,60293120,all_reduce,2,2
942,8.018,8.092,8.065666666666667,8.087,0.03376717669901062,0,2,60424192,all_reduce,2,2
943,8.083,8.105,8.096666666666666,8.102,0.009741092797468397,0,2,60555264,all_reduce,2,2
944,8.069,8.115,8.095,8.101,0.019252705437591323,0,2,60686336,all_reduce,2,2
945,8.072000000000001,8.146,8.101,8.085,0.0322593655651605,0,2,60817408,all_reduce,2,2
946,8.103,8.162,8.123,8.104000000000001,0.027580186124583687,0,2,60948480,all_reduce,2,2
947,8.126,8.146,8.134333333333332,8.131,0.008498365855988491,0,2,61079552,all_reduce,2,2
948,8.143,8.189,8.161333333333333,8.152000000000001,0.01990533150244448,0,2,61210624,all_reduce,2,2
949,8.162,8.232,8.204666666666666,8.22,0.03056504903025993,0,2,61341696,all_reduce,2,2
950,8.154,8.233,8.200333333333335,8.214,0.033668316791244164,0,2,61472768,all_reduce,2,2
951,8.203,8.233,8.218,8.218,0.012247448713916354,0,2,61603840,all_reduce,2,2
952,8.202,8.275,8.241333333333332,8.247,0.030070288030250573,0,2,61734912,all_reduce,2,2
953,8.2,8.244,8.223999999999998,8.228,0.018184242262648018,0,2,61865984,all_reduce,2,2
954,8.244,8.296,8.263666666666666,8.251,0.023041026211713816,0,2,61997056,all_reduce,2,2
955,8.278,8.305,8.290333333333335,8.288,0.011145502331533344,0,2,62128128,all_reduce,2,2
956,8.24,8.3,8.267333333333333,8.262,0.02478350706058834,0,2,62259200,all_reduce,2,2
957,8.288,8.363,8.314,8.291,0.03466987164671907,0,2,62390272,all_reduce,2,2
958,8.315,8.352,8.335666666666667,8.34,0.015412837362262842,0,2,62521344,all_reduce,2,2
959,8.338000000000001,8.386000000000001,8.359000000000002,8.353,0.020049937655763562,0,2,62652416,all_reduce,2,2
960,8.366,8.394,8.378333333333332,8.375,0.011671427600007908,0,2,62783488,all_reduce,2,2
961,8.342,8.377,8.363999999999999,8.373,0.015641824275533234,0,2,62914560,all_reduce,2,2
962,8.376,8.425,8.399666666666667,8.398,0.020038851153586043,0,2,63045632,all_reduce,2,2
963,8.398,8.436,8.419,8.423,0.01576916823001995,0,2,63176704,all_reduce,2,2
964,8.462,8.466,8.463666666666667,8.463000000000001,0.0016996731711972335,0,2,63307776,all_reduce,2,2
965,8.402000000000001,8.444,8.426333333333334,8.433,0.017782638224465307,0,2,63438848,all_reduce,2,2
966,8.456,8.512,8.474666666666666,8.456,0.026398653164298215,0,2,63569920,all_reduce,2,2
967,8.446,8.495000000000001,8.47,8.469,0.02001665972800377,0,2,63700992,all_reduce,2,2
968,8.472,8.53,8.493333333333332,8.478,0.026042699979499356,0,2,63832064,all_reduce,2,2
969,8.506,8.532,8.515666666666666,8.509,0.011614167593456116,0,2,63963136,all_reduce,2,2
970,8.504,8.53,8.515666666666666,8.513,0.010780641085864037,0,2,64094208,all_reduce,2,2
971,8.513,8.586,8.551,8.554,0.029877527787062246,0,2,64225280,all_reduce,2,2
972,8.528,8.612,8.57,8.57,0.034292856398964344,0,2,64356352,all_reduce,2,2
973,8.58,8.612,8.601,8.611,0.014854853303438265,0,2,64487424,all_reduce,2,2
974,8.574,8.611,8.591,8.588000000000001,0.015253414918197013,0,2,64618496,all_reduce,2,2
975,8.584,8.642,8.608,8.598,0.024711670657133956,0,2,64749568,all_reduce,2,2
976,8.603,8.618,8.611333333333334,8.613,0.0062360956446234185,0,2,64880640,all_reduce,2,2
977,8.599,8.643,8.625333333333334,8.634,0.01897952112731585,0,2,65011712,all_reduce,2,2
978,8.683,8.723,8.697000000000001,8.685,0.01840289832245664,0,2,65142784,all_reduce,2,2
979,8.675,8.695,8.687333333333333,8.692,0.008806563209081719,0,2,65273856,all_reduce,2,2
980,8.687,8.726,8.712666666666665,8.725,0.01815366507225389,0,2,65404928,all_reduce,2,2
981,8.706,8.741,8.727666666666666,8.736,0.015456030825826418,0,2,65536000,all_reduce,2,2
982,8.724,8.78,8.746,8.734,0.024385788210895487,0,2,65667072,all_reduce,2,2
983,8.734,8.781,8.762,8.771,0.02021550560007538,0,2,65798144,all_reduce,2,2
984,8.717,8.773,8.747333333333334,8.752,0.02309882151876025,0,2,65929216,all_reduce,2,2
985,8.722,8.834,8.788666666666666,8.81,0.048147920227380944,0,2,66060288,all_reduce,2,2
986,8.767,8.813,8.796666666666667,8.81,0.0210132233499665,0,2,66191360,all_reduce,2,2
987,8.843,8.904,8.872666666666666,8.871,0.02493101593508684,0,2,66322432,all_reduce,2,2
988,8.803,8.886000000000001,8.84666666666667,8.851,0.03402286812653455,0,2,66453504,all_reduce,2,2
989,8.81,8.922,8.878333333333334,8.903,0.048937601993649944,0,2,66584576,all_reduce,2,2
990,8.86,8.861,8.860333333333333,8.86,0.00047140452079160784,0,2,66715648,all_reduce,2,2
991,8.861,8.923,8.896333333333333,8.905,0.026042699979499127,0,2,66846720,all_reduce,2,2
992,8.853,8.93,8.901666666666667,8.922,0.03456716489515592,0,2,66977792,all_reduce,2,2
993,8.905,8.941,8.926,8.932,0.015297058540778934,0,2,67108864,all_reduce,2,2
