,time_stats.send_recv.min,time_stats.send_recv.max,time_stats.send_recv.mean,time_stats.send_recv.median,time_stats.send_recv.std,rank,num_workers,size,collective,devices_per_node,max_devices_per_node
0,0.006,0.006,0.006000000000000001,0.006,8.673617379884035e-19,0,2,2048,send_recv,2,2
1,0.007,0.008,0.007666666666666666,0.008,0.0004714045207910317,0,2,10240,send_recv,2,2
2,0.01,0.01,0.01,0.01,0.0,0,2,18432,send_recv,2,2
3,0.01,0.01,0.01,0.01,0.0,0,2,26624,send_recv,2,2
4,0.011,0.011,0.011000000000000001,0.011,1.734723475976807e-18,0,2,34816,send_recv,2,2
5,0.012,0.012,0.012000000000000002,0.012,1.734723475976807e-18,0,2,43008,send_recv,2,2
6,0.012,0.012,0.012000000000000002,0.012,1.734723475976807e-18,0,2,51200,send_recv,2,2
7,0.013000000000000001,0.013000000000000001,0.013000000000000003,0.013000000000000001,1.734723475976807e-18,0,2,59392,send_recv,2,2
8,0.014,0.014,0.014,0.014,0.0,0,2,67584,send_recv,2,2
9,0.014,0.014,0.014,0.014,0.0,0,2,75776,send_recv,2,2
10,0.015,0.015,0.015,0.015,0.0,0,2,83968,send_recv,2,2
11,0.015,0.016,0.015666666666666666,0.016,0.00047140452079103207,0,2,92160,send_recv,2,2
12,0.016,0.016,0.016,0.016,0.0,0,2,100352,send_recv,2,2
13,0.017,0.017,0.017,0.017,0.0,0,2,108544,send_recv,2,2
14,0.017,0.017,0.017,0.017,0.0,0,2,116736,send_recv,2,2
15,0.018000000000000002,0.018000000000000002,0.018000000000000002,0.018000000000000002,0.0,0,2,124928,send_recv,2,2
16,0.021,0.021,0.021,0.021,0.0,0,2,133120,send_recv,2,2
17,0.021,0.081,0.05933333333333333,0.076,0.027182510717166816,0,2,141312,send_recv,2,2
18,0.022,0.022,0.022000000000000002,0.022,3.469446951953614e-18,0,2,149504,send_recv,2,2
19,0.021,0.022,0.021333333333333333,0.021,0.0004714045207910305,0,2,157696,send_recv,2,2
20,0.021,0.096,0.04633333333333333,0.022,0.03512200956032493,0,2,165888,send_recv,2,2
21,0.022,0.093,0.04599999999999999,0.023,0.03323652609203715,0,2,174080,send_recv,2,2
22,0.022,0.022,0.022000000000000002,0.022,3.469446951953614e-18,0,2,182272,send_recv,2,2
23,0.023,0.023,0.023000000000000003,0.023,3.469446951953614e-18,0,2,190464,send_recv,2,2
24,0.024,0.024,0.024000000000000004,0.024,3.469446951953614e-18,0,2,198656,send_recv,2,2
25,0.024,0.094,0.04733333333333333,0.024,0.03299831645537222,0,2,206848,send_recv,2,2
26,0.025,0.078,0.042666666666666665,0.025,0.024984439601924677,0,2,215040,send_recv,2,2
27,0.025,0.026000000000000002,0.02566666666666667,0.026000000000000002,0.00047140452079103207,0,2,223232,send_recv,2,2
28,0.026000000000000002,0.098,0.05000000000000001,0.026000000000000002,0.03394112549695428,0,2,231424,send_recv,2,2
29,0.027,0.027,0.027,0.027,0.0,0,2,239616,send_recv,2,2
30,0.027,0.027,0.027,0.027,0.0,0,2,247808,send_recv,2,2
31,0.028,0.028,0.028,0.028,0.0,0,2,256000,send_recv,2,2
32,0.031,0.031,0.031,0.031,0.0,0,2,264192,send_recv,2,2
33,0.031,0.095,0.052333333333333336,0.031,0.03016988933062603,0,2,272384,send_recv,2,2
34,0.032,0.095,0.053,0.032,0.029698484809834995,0,2,280576,send_recv,2,2
35,0.032,0.032,0.032,0.032,0.0,0,2,288768,send_recv,2,2
36,0.032,0.032,0.032,0.032,0.0,0,2,296960,send_recv,2,2
37,0.033,0.106,0.05766666666666667,0.034,0.0341792659696229,0,2,305152,send_recv,2,2
38,0.033,0.058,0.04133333333333333,0.033,0.011785113019775794,0,2,313344,send_recv,2,2
39,0.033,0.075,0.04700000000000001,0.033,0.01979898987322333,0,2,321536,send_recv,2,2
40,0.034,0.096,0.05466666666666667,0.034,0.029227080289043965,0,2,329728,send_recv,2,2
41,0.034,0.093,0.05366666666666667,0.034,0.027812866726670868,0,2,337920,send_recv,2,2
42,0.035,0.095,0.055,0.035,0.0282842712474619,0,2,346112,send_recv,2,2
43,0.036000000000000004,0.044,0.03866666666666667,0.036000000000000004,0.00377123616632825,0,2,354304,send_recv,2,2
44,0.036000000000000004,0.036000000000000004,0.036000000000000004,0.036000000000000004,0.0,0,2,362496,send_recv,2,2
45,0.037,0.099,0.07666666666666667,0.094,0.028122746823325936,0,2,370688,send_recv,2,2
46,0.037,0.07100000000000001,0.04833333333333334,0.037,0.016027753706895083,0,2,378880,send_recv,2,2
47,0.038,0.096,0.05733333333333334,0.038,0.027341462205879838,0,2,387072,send_recv,2,2
48,0.041,0.041,0.041,0.041,0.0,0,2,395264,send_recv,2,2
49,0.041,0.041,0.041,0.041,0.0,0,2,403456,send_recv,2,2
50,0.041,0.041,0.041,0.041,0.0,0,2,411648,send_recv,2,2
51,0.042,0.098,0.07,0.07,0.022861904265976327,0,2,419840,send_recv,2,2
52,0.042,0.042,0.042,0.042,0.0,0,2,428032,send_recv,2,2
53,0.042,0.042,0.042,0.042,0.0,0,2,436224,send_recv,2,2
54,0.042,0.042,0.042,0.042,0.0,0,2,444416,send_recv,2,2
55,0.043000000000000003,0.043000000000000003,0.043000000000000003,0.043000000000000003,0.0,0,2,452608,send_recv,2,2
56,0.044,0.095,0.061,0.044,0.024041630560342617,0,2,460800,send_recv,2,2
57,0.044,0.105,0.06433333333333334,0.044,0.02875567576825293,0,2,468992,send_recv,2,2
58,0.045,0.045,0.045000000000000005,0.045,6.938893903907228e-18,0,2,477184,send_recv,2,2
59,0.045,0.08,0.056999999999999995,0.046,0.016268579122549906,0,2,485376,send_recv,2,2
60,0.046,0.046,0.046000000000000006,0.046,6.938893903907228e-18,0,2,493568,send_recv,2,2
61,0.047,0.08,0.05833333333333333,0.048,0.0153260852434302,0,2,501760,send_recv,2,2
62,0.047,0.097,0.07966666666666668,0.095,0.023113247764479622,0,2,509952,send_recv,2,2
63,0.048,0.095,0.06433333333333334,0.05,0.021699974398346394,0,2,518144,send_recv,2,2
64,0.095,0.122,0.10533333333333333,0.099,0.011897712198383162,0,2,526336,send_recv,2,2
65,0.051000000000000004,0.097,0.07166666666666667,0.067,0.019067132861433456,0,2,534528,send_recv,2,2
66,0.051000000000000004,0.052000000000000005,0.05166666666666667,0.052000000000000005,0.00047140452079103207,0,2,542720,send_recv,2,2
67,0.052000000000000005,0.10400000000000001,0.06933333333333334,0.052000000000000005,0.02451303508113365,0,2,550912,send_recv,2,2
68,0.052000000000000005,0.081,0.06666666666666667,0.067,0.011841546445554407,0,2,559104,send_recv,2,2
69,0.052000000000000005,0.10200000000000001,0.069,0.053,0.02333809475228573,0,2,567296,send_recv,2,2
70,0.053,0.082,0.06266666666666666,0.053,0.013670731102939922,0,2,575488,send_recv,2,2
71,0.053,0.092,0.06599999999999999,0.053,0.018384776310850236,0,2,583680,send_recv,2,2
72,0.096,0.099,0.09733333333333334,0.097,0.0012472191289246482,0,2,591872,send_recv,2,2
73,0.054,0.056,0.05466666666666667,0.054,0.0009428090415820641,0,2,600064,send_recv,2,2
74,0.055,0.096,0.06866666666666667,0.055,0.0193275853524323,0,2,608256,send_recv,2,2
75,0.064,0.097,0.08600000000000001,0.097,0.015556349186104046,0,2,616448,send_recv,2,2
76,0.056,0.098,0.08366666666666667,0.097,0.019567546828585563,0,2,624640,send_recv,2,2
77,0.057,0.096,0.08266666666666667,0.095,0.01815366507225347,0,2,632832,send_recv,2,2
78,0.057,0.10300000000000001,0.08733333333333333,0.10200000000000001,0.021452790546272117,0,2,641024,send_recv,2,2
79,0.058,0.061,0.059,0.058,0.001414213562373093,0,2,649216,send_recv,2,2
80,0.094,0.108,0.10166666666666668,0.10300000000000001,0.0057927157323275896,0,2,657408,send_recv,2,2
81,0.061,0.08,0.06733333333333334,0.061,0.008956685895029603,0,2,665600,send_recv,2,2
82,0.061,0.062,0.06133333333333333,0.061,0.00047140452079103207,0,2,673792,send_recv,2,2
83,0.061,0.062,0.06133333333333333,0.061,0.00047140452079103207,0,2,681984,send_recv,2,2
84,0.062,0.1,0.08633333333333333,0.097,0.017249798710580817,0,2,690176,send_recv,2,2
85,0.063,0.10300000000000001,0.08766666666666667,0.097,0.01761312641816388,0,2,698368,send_recv,2,2
86,0.094,0.096,0.09500000000000001,0.095,0.0008164965809277268,0,2,706560,send_recv,2,2
87,0.097,0.112,0.105,0.106,0.006164414002968976,0,2,714752,send_recv,2,2
88,0.07,0.098,0.08633333333333333,0.091,0.011897712198383162,0,2,722944,send_recv,2,2
89,0.065,0.096,0.07566666666666667,0.066,0.014383632673594278,0,2,731136,send_recv,2,2
90,0.066,0.098,0.07733333333333334,0.068,0.014636332266733432,0,2,739328,send_recv,2,2
91,0.065,0.065,0.065,0.065,0.0,0,2,747520,send_recv,2,2
92,0.066,0.085,0.07833333333333335,0.084,0.008730533902472531,0,2,755712,send_recv,2,2
93,0.068,0.11800000000000001,0.09933333333333333,0.112,0.022291004663067316,0,2,763904,send_recv,2,2
94,0.1,0.105,0.10200000000000002,0.101,0.0021602468994692823,0,2,772096,send_recv,2,2
95,0.068,0.10200000000000001,0.07933333333333334,0.068,0.01602775370689508,0,2,780288,send_recv,2,2
96,0.07,0.07100000000000001,0.07066666666666667,0.07100000000000001,0.00047140452079103207,0,2,788480,send_recv,2,2
97,0.07100000000000001,0.091,0.07833333333333332,0.073,0.008993825042154692,0,2,796672,send_recv,2,2
98,0.097,0.1,0.09800000000000002,0.097,0.0014142135623730961,0,2,804864,send_recv,2,2
99,0.08700000000000001,0.099,0.09266666666666667,0.092,0.004921607686744466,0,2,813056,send_recv,2,2
100,0.073,0.094,0.08,0.073,0.009899494936611668,0,2,821248,send_recv,2,2
101,0.08,0.099,0.09200000000000001,0.097,0.00852447456836295,0,2,829440,send_recv,2,2
102,0.074,0.074,0.074,0.074,0.0,0,2,837632,send_recv,2,2
103,0.08600000000000001,0.108,0.10066666666666667,0.108,0.010370899457402693,0,2,845824,send_recv,2,2
104,0.1,0.113,0.107,0.108,0.005354126134736336,0,2,854016,send_recv,2,2
105,0.075,0.096,0.08700000000000001,0.09,0.008831760866327849,0,2,862208,send_recv,2,2
106,0.076,0.076,0.076,0.076,0.0,0,2,870400,send_recv,2,2
107,0.077,0.10300000000000001,0.09233333333333334,0.097,0.011115554667022048,0,2,878592,send_recv,2,2
108,0.098,0.107,0.103,0.10400000000000001,0.00374165738677394,0,2,886784,send_recv,2,2
109,0.078,0.099,0.085,0.078,0.009899494936611668,0,2,894976,send_recv,2,2
110,0.083,0.137,0.11766666666666668,0.133,0.024567367696917707,0,2,903168,send_recv,2,2
111,0.079,0.079,0.079,0.079,0.0,0,2,911360,send_recv,2,2
112,0.10400000000000001,0.105,0.10433333333333335,0.10400000000000001,0.00047140452079102557,0,2,919552,send_recv,2,2
113,0.082,0.08700000000000001,0.08366666666666667,0.082,0.0023570226039551605,0,2,927744,send_recv,2,2
114,0.083,0.08600000000000001,0.08433333333333333,0.084,0.0012472191289246482,0,2,935936,send_recv,2,2
115,0.105,0.105,0.105,0.105,0.0,0,2,944128,send_recv,2,2
116,0.105,0.108,0.10666666666666667,0.107,0.0012472191289246482,0,2,952320,send_recv,2,2
117,0.1,0.108,0.10466666666666667,0.106,0.0033993463423951866,0,2,960512,send_recv,2,2
118,0.089,0.108,0.10066666666666667,0.105,0.008339997335464536,0,2,968704,send_recv,2,2
119,0.109,0.109,0.109,0.109,0.0,0,2,976896,send_recv,2,2
120,0.085,0.08700000000000001,0.08566666666666667,0.085,0.0009428090415820641,0,2,985088,send_recv,2,2
121,0.109,0.111,0.10966666666666668,0.109,0.0009428090415820641,0,2,993280,send_recv,2,2
122,0.109,0.111,0.11033333333333334,0.111,0.0009428090415820641,0,2,1001472,send_recv,2,2
123,0.089,0.1,0.09433333333333334,0.094,0.004496912521077351,0,2,1009664,send_recv,2,2
124,0.105,0.113,0.11033333333333334,0.113,0.0037712361663282566,0,2,1017856,send_recv,2,2
125,0.094,0.113,0.106,0.111,0.00852447456836295,0,2,1026048,send_recv,2,2
126,0.095,0.114,0.106,0.109,0.00804155872120988,0,2,1034240,send_recv,2,2
127,0.112,0.115,0.114,0.115,0.0014142135623730965,0,2,1042432,send_recv,2,2
128,0.09,0.112,0.09866666666666667,0.094,0.009568466729604885,0,2,1048576,send_recv,2,2
129,0.096,0.121,0.11233333333333333,0.12,0.011556623882239807,0,2,1081344,send_recv,2,2
130,0.107,0.124,0.118,0.123,0.0077888809636986155,0,2,1114112,send_recv,2,2
131,0.123,0.126,0.12466666666666666,0.125,0.0012472191289246482,0,2,1146880,send_recv,2,2
132,0.10300000000000001,0.128,0.11933333333333333,0.127,0.011556623882239807,0,2,1179648,send_recv,2,2
133,0.134,0.134,0.134,0.134,0.0,0,2,1212416,send_recv,2,2
134,0.134,0.136,0.135,0.135,0.0008164965809277268,0,2,1245184,send_recv,2,2
135,0.138,0.14,0.139,0.139,0.0008164965809277268,0,2,1277952,send_recv,2,2
136,0.14100000000000001,0.14200000000000002,0.1416666666666667,0.14200000000000002,0.00047140452079103207,0,2,1310720,send_recv,2,2
137,0.145,0.147,0.14633333333333332,0.147,0.0009428090415820641,0,2,1343488,send_recv,2,2
138,0.149,0.149,0.149,0.149,0.0,0,2,1376256,send_recv,2,2
139,0.152,0.153,0.15266666666666664,0.153,0.00047140452079103207,0,2,1409024,send_recv,2,2
140,0.154,0.156,0.155,0.155,0.0008164965809277268,0,2,1441792,send_recv,2,2
141,0.161,0.161,0.161,0.161,0.0,0,2,1474560,send_recv,2,2
142,0.159,0.164,0.16233333333333333,0.164,0.0023570226039551605,0,2,1507328,send_recv,2,2
143,0.166,0.166,0.166,0.166,0.0,0,2,1540096,send_recv,2,2
144,0.168,0.168,0.168,0.168,0.0,0,2,1572864,send_recv,2,2
145,0.17400000000000002,0.17500000000000002,0.17433333333333334,0.17400000000000002,0.00047140452079103207,0,2,1605632,send_recv,2,2
146,0.17,0.177,0.1743333333333333,0.176,0.0030912061651652244,0,2,1638400,send_recv,2,2
147,0.179,0.18,0.17933333333333334,0.179,0.00047140452079103207,0,2,1671168,send_recv,2,2
148,0.181,0.183,0.18200000000000002,0.182,0.0008164965809277268,0,2,1703936,send_recv,2,2
149,0.186,0.189,0.18766666666666665,0.188,0.0012472191289246482,0,2,1736704,send_recv,2,2
150,0.19,0.191,0.19066666666666668,0.191,0.00047140452079103207,0,2,1769472,send_recv,2,2
151,0.193,0.193,0.19299999999999998,0.193,2.7755575615628914e-17,0,2,1802240,send_recv,2,2
152,0.195,0.196,0.19566666666666666,0.196,0.00047140452079103207,0,2,1835008,send_recv,2,2
153,0.201,0.202,0.20133333333333336,0.201,0.00047140452079103207,0,2,1867776,send_recv,2,2
154,0.20500000000000002,0.20500000000000002,0.205,0.20500000000000002,2.7755575615628914e-17,0,2,1900544,send_recv,2,2
155,0.20800000000000002,0.20800000000000002,0.20800000000000005,0.20800000000000002,2.7755575615628914e-17,0,2,1933312,send_recv,2,2
156,0.209,0.21,0.20966666666666667,0.21,0.00047140452079103207,0,2,1966080,send_recv,2,2
157,0.215,0.217,0.216,0.216,0.0008164965809277268,0,2,1998848,send_recv,2,2
158,0.217,0.219,0.218,0.218,0.0008164965809277268,0,2,2031616,send_recv,2,2
159,0.221,0.222,0.22133333333333335,0.221,0.00047140452079103207,0,2,2064384,send_recv,2,2
160,0.223,0.224,0.22366666666666668,0.224,0.00047140452079103207,0,2,2097152,send_recv,2,2
161,0.229,0.23,0.22933333333333336,0.229,0.00047140452079103207,0,2,2129920,send_recv,2,2
162,0.231,0.232,0.2316666666666667,0.232,0.00047140452079103207,0,2,2162688,send_recv,2,2
163,0.233,0.23500000000000001,0.234,0.234,0.0008164965809277268,0,2,2195456,send_recv,2,2
164,0.23700000000000002,0.23700000000000002,0.23700000000000002,0.23700000000000002,0.0,0,2,2228224,send_recv,2,2
165,0.243,0.243,0.243,0.243,0.0,0,2,2260992,send_recv,2,2
166,0.245,0.246,0.24566666666666667,0.246,0.00047140452079103207,0,2,2293760,send_recv,2,2
167,0.247,0.25,0.24833333333333332,0.248,0.0012472191289246482,0,2,2326528,send_recv,2,2
168,0.25,0.251,0.25033333333333335,0.25,0.00047140452079103207,0,2,2359296,send_recv,2,2
169,0.256,0.256,0.256,0.256,0.0,0,2,2392064,send_recv,2,2
170,0.258,0.26,0.259,0.259,0.0008164965809277268,0,2,2424832,send_recv,2,2
171,0.261,0.263,0.262,0.262,0.0008164965809277268,0,2,2457600,send_recv,2,2
172,0.264,0.264,0.264,0.264,0.0,0,2,2490368,send_recv,2,2
173,0.269,0.27,0.26933333333333337,0.269,0.00047140452079103207,0,2,2523136,send_recv,2,2
174,0.272,0.274,0.273,0.273,0.0008164965809277268,0,2,2555904,send_recv,2,2
175,0.274,0.275,0.27466666666666667,0.275,0.00047140452079103207,0,2,2588672,send_recv,2,2
176,0.277,0.278,0.2776666666666667,0.278,0.00047140452079103207,0,2,2621440,send_recv,2,2
177,0.28300000000000003,0.28400000000000003,0.2836666666666667,0.28400000000000003,0.00047140452079103207,0,2,2654208,send_recv,2,2
178,0.28500000000000003,0.28700000000000003,0.2856666666666667,0.28500000000000003,0.0009428090415820641,0,2,2686976,send_recv,2,2
179,0.289,0.29,0.2893333333333333,0.289,0.00047140452079103207,0,2,2719744,send_recv,2,2
180,0.292,0.292,0.292,0.292,0.0,0,2,2752512,send_recv,2,2
181,0.297,0.298,0.2976666666666667,0.298,0.00047140452079103207,0,2,2785280,send_recv,2,2
182,0.299,0.3,0.2996666666666667,0.3,0.00047140452079103207,0,2,2818048,send_recv,2,2
183,0.303,0.304,0.3036666666666667,0.304,0.00047140452079103207,0,2,2850816,send_recv,2,2
184,0.305,0.307,0.306,0.306,0.0008164965809277268,0,2,2883584,send_recv,2,2
185,0.311,0.312,0.3116666666666667,0.312,0.00047140452079103207,0,2,2916352,send_recv,2,2
186,0.314,0.315,0.31433333333333335,0.314,0.00047140452079103207,0,2,2949120,send_recv,2,2
187,0.317,0.317,0.317,0.317,0.0,0,2,2981888,send_recv,2,2
188,0.32,0.32,0.32,0.32,0.0,0,2,3014656,send_recv,2,2
189,0.325,0.326,0.3256666666666667,0.326,0.00047140452079103207,0,2,3047424,send_recv,2,2
190,0.327,0.328,0.3276666666666667,0.328,0.00047140452079103207,0,2,3080192,send_recv,2,2
191,0.332,0.332,0.332,0.332,0.0,0,2,3112960,send_recv,2,2
192,0.333,0.334,0.3333333333333333,0.333,0.00047140452079103207,0,2,3145728,send_recv,2,2
193,0.338,0.339,0.33866666666666667,0.339,0.00047140452079103207,0,2,3178496,send_recv,2,2
194,0.341,0.342,0.34166666666666673,0.342,0.00047140452079103207,0,2,3211264,send_recv,2,2
195,0.343,0.34500000000000003,0.34400000000000003,0.34400000000000003,0.0008164965809277268,0,2,3244032,send_recv,2,2
196,0.34600000000000003,0.34700000000000003,0.3463333333333334,0.34600000000000003,0.00047140452079103207,0,2,3276800,send_recv,2,2
197,0.35100000000000003,0.352,0.35166666666666674,0.352,0.00047140452079100594,0,2,3309568,send_recv,2,2
198,0.354,0.356,0.355,0.355,0.0008164965809277268,0,2,3342336,send_recv,2,2
199,0.356,0.358,0.357,0.357,0.0008164965809277268,0,2,3375104,send_recv,2,2
200,0.361,0.362,0.36133333333333334,0.361,0.00047140452079103207,0,2,3407872,send_recv,2,2
201,0.365,0.367,0.36633333333333334,0.367,0.0009428090415820641,0,2,3440640,send_recv,2,2
202,0.369,0.369,0.369,0.369,0.0,0,2,3473408,send_recv,2,2
203,0.37,0.371,0.3706666666666667,0.371,0.00047140452079103207,0,2,3506176,send_recv,2,2
204,0.372,0.375,0.37333333333333335,0.373,0.0012472191289246482,0,2,3538944,send_recv,2,2
205,0.379,0.38,0.37966666666666665,0.38,0.00047140452079103207,0,2,3571712,send_recv,2,2
206,0.382,0.383,0.38233333333333336,0.382,0.00047140452079103207,0,2,3604480,send_recv,2,2
207,0.384,0.386,0.38466666666666666,0.384,0.0009428090415820641,0,2,3637248,send_recv,2,2
208,0.388,0.389,0.38833333333333336,0.388,0.00047140452079103207,0,2,3670016,send_recv,2,2
209,0.393,0.394,0.39333333333333337,0.393,0.00047140452079103207,0,2,3702784,send_recv,2,2
210,0.396,0.397,0.39633333333333337,0.396,0.00047140452079103207,0,2,3735552,send_recv,2,2
211,0.398,0.4,0.3986666666666667,0.398,0.0009428090415820641,0,2,3768320,send_recv,2,2
212,0.401,0.402,0.40166666666666667,0.402,0.00047140452079103207,0,2,3801088,send_recv,2,2
213,0.40800000000000003,0.40900000000000003,0.4086666666666667,0.40900000000000003,0.00047140452079103207,0,2,3833856,send_recv,2,2
214,0.41000000000000003,0.41100000000000003,0.41066666666666674,0.41100000000000003,0.00047140452079103207,0,2,3866624,send_recv,2,2
215,0.41200000000000003,0.41400000000000003,0.41300000000000003,0.41300000000000003,0.0008164965809277268,0,2,3899392,send_recv,2,2
216,0.41500000000000004,0.417,0.4160000000000001,0.41600000000000004,0.0008164965809277042,0,2,3932160,send_recv,2,2
217,0.421,0.422,0.42166666666666663,0.422,0.00047140452079103207,0,2,3964928,send_recv,2,2
218,0.423,0.425,0.42366666666666664,0.423,0.0009428090415820641,0,2,3997696,send_recv,2,2
219,0.426,0.427,0.4263333333333333,0.426,0.00047140452079103207,0,2,4030464,send_recv,2,2
220,0.43,0.43,0.43,0.43,0.0,0,2,4063232,send_recv,2,2
221,0.433,0.434,0.43366666666666664,0.434,0.00047140452079103207,0,2,4096000,send_recv,2,2
222,0.436,0.438,0.43733333333333335,0.438,0.0009428090415820641,0,2,4128768,send_recv,2,2
223,0.44,0.441,0.4403333333333333,0.44,0.00047140452079103207,0,2,4161536,send_recv,2,2
224,0.442,0.443,0.4426666666666667,0.443,0.00047140452079103207,0,2,4194304,send_recv,2,2
225,0.357,0.36,0.35833333333333334,0.358,0.0012472191289246482,0,2,4227072,send_recv,2,2
226,0.352,0.362,0.35766666666666663,0.359,0.004189935029992182,0,2,4259840,send_recv,2,2
227,0.357,0.36,0.35833333333333334,0.358,0.0012472191289246482,0,2,4292608,send_recv,2,2
228,0.354,0.361,0.3586666666666667,0.361,0.003299831645537225,0,2,4325376,send_recv,2,2
229,0.365,0.368,0.36633333333333334,0.366,0.0012472191289246482,0,2,4358144,send_recv,2,2
230,0.365,0.367,0.36599999999999994,0.366,0.0008164965809277268,0,2,4390912,send_recv,2,2
231,0.367,0.369,0.36766666666666664,0.367,0.0009428090415820641,0,2,4423680,send_recv,2,2
232,0.373,0.374,0.37366666666666665,0.374,0.00047140452079103207,0,2,4456448,send_recv,2,2
233,0.373,0.382,0.377,0.376,0.0037416573867739447,0,2,4489216,send_recv,2,2
234,0.378,0.384,0.38133333333333336,0.382,0.0024944382578492965,0,2,4521984,send_recv,2,2
235,0.382,0.387,0.38466666666666666,0.385,0.0020548046676563273,0,2,4554752,send_recv,2,2
236,0.378,0.388,0.3833333333333333,0.384,0.0041096093353126546,0,2,4587520,send_recv,2,2
237,0.38,0.385,0.38199999999999995,0.381,0.0021602468994692888,0,2,4620288,send_recv,2,2
238,0.388,0.391,0.38933333333333336,0.389,0.0012472191289246482,0,2,4653056,send_recv,2,2
239,0.392,0.397,0.395,0.396,0.0021602468994692888,0,2,4685824,send_recv,2,2
240,0.394,0.397,0.3953333333333333,0.395,0.0012472191289246482,0,2,4718592,send_recv,2,2
241,0.402,0.403,0.40266666666666673,0.403,0.00047140452079103207,0,2,4751360,send_recv,2,2
242,0.405,0.40700000000000003,0.40599999999999997,0.406,0.0008164965809277268,0,2,4784128,send_recv,2,2
243,0.404,0.40700000000000003,0.4056666666666667,0.406,0.0012472191289246482,0,2,4816896,send_recv,2,2
244,0.404,0.40800000000000003,0.4056666666666667,0.405,0.0016996731711975965,0,2,4849664,send_recv,2,2
245,0.40900000000000003,0.41000000000000003,0.4093333333333334,0.40900000000000003,0.00047140452079103207,0,2,4882432,send_recv,2,2
246,0.41300000000000003,0.41500000000000004,0.414,0.41400000000000003,0.0008164965809277268,0,2,4915200,send_recv,2,2
247,0.41200000000000003,0.41600000000000004,0.4143333333333334,0.41500000000000004,0.0016996731711975965,0,2,4947968,send_recv,2,2
248,0.41500000000000004,0.418,0.4163333333333334,0.41600000000000004,0.0012472191289246235,0,2,4980736,send_recv,2,2
249,0.422,0.428,0.425,0.425,0.00244948974278318,0,2,5013504,send_recv,2,2
250,0.425,0.43,0.427,0.426,0.0021602468994692888,0,2,5046272,send_recv,2,2
251,0.422,0.43,0.4263333333333333,0.427,0.003299831645537225,0,2,5079040,send_recv,2,2
252,0.426,0.433,0.43,0.431,0.0029439202887759515,0,2,5111808,send_recv,2,2
253,0.431,0.434,0.432,0.431,0.0014142135623730963,0,2,5144576,send_recv,2,2
254,0.432,0.437,0.43533333333333335,0.437,0.0023570226039551605,0,2,5177344,send_recv,2,2
255,0.432,0.438,0.4346666666666667,0.434,0.0024944382578492965,0,2,5210112,send_recv,2,2
256,0.434,0.438,0.436,0.436,0.0016329931618554536,0,2,5242880,send_recv,2,2
257,0.447,0.45,0.4486666666666667,0.449,0.0012472191289246482,0,2,5275648,send_recv,2,2
258,0.446,0.449,0.44766666666666666,0.448,0.0012472191289246482,0,2,5308416,send_recv,2,2
259,0.45,0.451,0.4506666666666667,0.451,0.00047140452079103207,0,2,5341184,send_recv,2,2
260,0.452,0.456,0.4543333333333333,0.455,0.0016996731711975965,0,2,5373952,send_recv,2,2
261,0.45,0.455,0.4526666666666667,0.453,0.0020548046676563273,0,2,5406720,send_recv,2,2
262,0.455,0.46,0.45766666666666667,0.458,0.0020548046676563273,0,2,5439488,send_recv,2,2
263,0.457,0.462,0.459,0.458,0.0021602468994692888,0,2,5472256,send_recv,2,2
264,0.457,0.463,0.45966666666666667,0.459,0.0024944382578492965,0,2,5505024,send_recv,2,2
265,0.467,0.47200000000000003,0.4696666666666667,0.47000000000000003,0.0020548046676563273,0,2,5537792,send_recv,2,2
266,0.47100000000000003,0.47300000000000003,0.4723333333333333,0.47300000000000003,0.0009428090415820641,0,2,5570560,send_recv,2,2
267,0.47100000000000003,0.47500000000000003,0.47266666666666673,0.47200000000000003,0.0016996731711975965,0,2,5603328,send_recv,2,2
268,0.47500000000000003,0.47700000000000004,0.4756666666666667,0.47500000000000003,0.0009428090415820641,0,2,5636096,send_recv,2,2
269,0.47600000000000003,0.481,0.47833333333333333,0.47800000000000004,0.0020548046676563034,0,2,5668864,send_recv,2,2
270,0.47700000000000004,0.482,0.4793333333333334,0.47900000000000004,0.0020548046676563034,0,2,5701632,send_recv,2,2
271,0.46900000000000003,0.484,0.47833333333333333,0.482,0.006649979114419981,0,2,5734400,send_recv,2,2
272,0.483,0.487,0.48466666666666663,0.484,0.0016996731711975965,0,2,5767168,send_recv,2,2
273,0.491,0.493,0.492,0.492,0.0008164965809277268,0,2,5799936,send_recv,2,2
274,0.494,0.495,0.49466666666666664,0.495,0.00047140452079103207,0,2,5832704,send_recv,2,2
275,0.491,0.494,0.49266666666666664,0.493,0.0012472191289246482,0,2,5865472,send_recv,2,2
276,0.496,0.498,0.49666666666666665,0.496,0.0009428090415820641,0,2,5898240,send_recv,2,2
277,0.498,0.499,0.49833333333333335,0.498,0.00047140452079103207,0,2,5931008,send_recv,2,2
278,0.501,0.504,0.5023333333333333,0.502,0.0012472191289246482,0,2,5963776,send_recv,2,2
279,0.503,0.506,0.5043333333333334,0.504,0.0012472191289246482,0,2,5996544,send_recv,2,2
280,0.504,0.507,0.5060000000000001,0.507,0.0014142135623730961,0,2,6029312,send_recv,2,2
281,0.512,0.514,0.5133333333333333,0.514,0.0009428090415820641,0,2,6062080,send_recv,2,2
282,0.512,0.515,0.513,0.512,0.0014142135623730965,0,2,6094848,send_recv,2,2
283,0.514,0.519,0.5166666666666667,0.517,0.0020548046676563273,0,2,6127616,send_recv,2,2
284,0.515,0.52,0.518,0.519,0.0021602468994692888,0,2,6160384,send_recv,2,2
285,0.519,0.522,0.5203333333333333,0.52,0.0012472191289246482,0,2,6193152,send_recv,2,2
286,0.52,0.524,0.522,0.522,0.0016329931618554536,0,2,6225920,send_recv,2,2
287,0.523,0.526,0.5246666666666667,0.525,0.0012472191289246482,0,2,6258688,send_recv,2,2
288,0.526,0.529,0.5273333333333333,0.527,0.0012472191289246482,0,2,6291456,send_recv,2,2
289,0.536,0.538,0.537,0.537,0.0008164965809277268,0,2,6324224,send_recv,2,2
290,0.536,0.537,0.5363333333333333,0.536,0.00047140452079103207,0,2,6356992,send_recv,2,2
291,0.537,0.54,0.539,0.54,0.0014142135623730965,0,2,6389760,send_recv,2,2
292,0.537,0.543,0.5406666666666667,0.542,0.002624669291337273,0,2,6422528,send_recv,2,2
293,0.541,0.543,0.542,0.542,0.0008164965809277268,0,2,6455296,send_recv,2,2
294,0.542,0.545,0.544,0.545,0.0014142135623730963,0,2,6488064,send_recv,2,2
295,0.544,0.549,0.547,0.548,0.0021602468994692888,0,2,6520832,send_recv,2,2
296,0.545,0.554,0.5503333333333335,0.552,0.0038586123009300786,0,2,6553600,send_recv,2,2
297,0.559,0.562,0.56,0.559,0.0014142135623730963,0,2,6586368,send_recv,2,2
298,0.557,0.56,0.5586666666666668,0.559,0.0012472191289246482,0,2,6619136,send_recv,2,2
299,0.559,0.562,0.561,0.562,0.0014142135623730965,0,2,6651904,send_recv,2,2
300,0.56,0.5650000000000001,0.5630000000000001,0.5640000000000001,0.0021602468994692888,0,2,6684672,send_recv,2,2
301,0.562,0.5650000000000001,0.5630000000000001,0.562,0.0014142135623730965,0,2,6717440,send_recv,2,2
302,0.56,0.5660000000000001,0.5626666666666668,0.562,0.0024944382578492965,0,2,6750208,send_recv,2,2
303,0.5680000000000001,0.5720000000000001,0.5703333333333335,0.5710000000000001,0.0016996731711975963,0,2,6782976,send_recv,2,2
304,0.56,0.5730000000000001,0.5676666666666668,0.5700000000000001,0.005557777333511027,0,2,6815744,send_recv,2,2
305,0.579,0.582,0.581,0.582,0.0014142135623730965,0,2,6848512,send_recv,2,2
306,0.581,0.582,0.5816666666666666,0.582,0.00047140452079103207,0,2,6881280,send_recv,2,2
307,0.584,0.585,0.5846666666666667,0.585,0.00047140452079103207,0,2,6914048,send_recv,2,2
308,0.582,0.587,0.584,0.583,0.0021602468994692888,0,2,6946816,send_recv,2,2
309,0.584,0.587,0.5856666666666666,0.586,0.0012472191289246482,0,2,6979584,send_recv,2,2
310,0.589,0.591,0.5896666666666667,0.589,0.0009428090415820641,0,2,7012352,send_recv,2,2
311,0.591,0.594,0.5923333333333333,0.592,0.0012472191289246482,0,2,7045120,send_recv,2,2
312,0.592,0.594,0.593,0.593,0.0008164965809277268,0,2,7077888,send_recv,2,2
313,0.601,0.603,0.6016666666666667,0.601,0.0009428090415820641,0,2,7110656,send_recv,2,2
314,0.601,0.605,0.6036666666666667,0.605,0.0018856180831641283,0,2,7143424,send_recv,2,2
315,0.601,0.604,0.6023333333333333,0.602,0.0012472191289246482,0,2,7176192,send_recv,2,2
316,0.605,0.607,0.606,0.606,0.0008164965809277268,0,2,7208960,send_recv,2,2
317,0.606,0.61,0.6083333333333333,0.609,0.0016996731711975963,0,2,7241728,send_recv,2,2
318,0.608,0.613,0.6113333333333334,0.613,0.0023570226039551605,0,2,7274496,send_recv,2,2
319,0.611,0.616,0.6126666666666666,0.611,0.0023570226039551605,0,2,7307264,send_recv,2,2
320,0.618,0.619,0.6183333333333333,0.618,0.00047140452079103207,0,2,7340032,send_recv,2,2
321,0.622,0.626,0.6236666666666667,0.623,0.0016996731711975965,0,2,7372800,send_recv,2,2
322,0.623,0.628,0.6246666666666667,0.623,0.0023570226039551605,0,2,7405568,send_recv,2,2
323,0.627,0.63,0.629,0.63,0.0014142135623730965,0,2,7438336,send_recv,2,2
324,0.626,0.628,0.6266666666666666,0.626,0.0009428090415820641,0,2,7471104,send_recv,2,2
325,0.63,0.632,0.631,0.631,0.0008164965809277268,0,2,7503872,send_recv,2,2
326,0.631,0.632,0.6316666666666667,0.632,0.00047140452079103207,0,2,7536640,send_recv,2,2
327,0.632,0.637,0.6353333333333334,0.637,0.0023570226039551605,0,2,7569408,send_recv,2,2
328,0.635,0.636,0.6353333333333334,0.635,0.00047140452079103207,0,2,7602176,send_recv,2,2
329,0.646,0.646,0.646,0.646,0.0,0,2,7634944,send_recv,2,2
330,0.644,0.648,0.6453333333333333,0.644,0.0018856180831641283,0,2,7667712,send_recv,2,2
331,0.647,0.652,0.65,0.651,0.0021602468994692888,0,2,7700480,send_recv,2,2
332,0.648,0.649,0.6486666666666667,0.649,0.00047140452079103207,0,2,7733248,send_recv,2,2
333,0.65,0.651,0.6506666666666667,0.651,0.00047140452079103207,0,2,7766016,send_recv,2,2
334,0.651,0.654,0.652,0.651,0.0014142135623730963,0,2,7798784,send_recv,2,2
335,0.652,0.657,0.654,0.653,0.0021602468994692888,0,2,7831552,send_recv,2,2
336,0.655,0.66,0.6566666666666666,0.655,0.0023570226039551605,0,2,7864320,send_recv,2,2
337,0.666,0.668,0.6666666666666666,0.666,0.0009428090415820641,0,2,7897088,send_recv,2,2
338,0.669,0.67,0.6696666666666666,0.67,0.00047140452079103207,0,2,7929856,send_recv,2,2
339,0.669,0.672,0.6703333333333333,0.67,0.0012472191289246482,0,2,7962624,send_recv,2,2
340,0.672,0.673,0.6726666666666667,0.673,0.00047140452079103207,0,2,7995392,send_recv,2,2
341,0.672,0.675,0.673,0.672,0.0014142135623730963,0,2,8028160,send_recv,2,2
342,0.672,0.676,0.6736666666666667,0.673,0.0016996731711975963,0,2,8060928,send_recv,2,2
343,0.675,0.68,0.677,0.676,0.0021602468994692888,0,2,8093696,send_recv,2,2
344,0.682,0.682,0.682,0.682,0.0,0,2,8126464,send_recv,2,2
345,0.6880000000000001,0.6920000000000001,0.6900000000000001,0.6900000000000001,0.0016329931618554536,0,2,8159232,send_recv,2,2
346,0.686,0.6890000000000001,0.6876666666666668,0.6880000000000001,0.0012472191289246482,0,2,8192000,send_recv,2,2
347,0.6940000000000001,0.6950000000000001,0.6946666666666669,0.6950000000000001,0.00047140452079103207,0,2,8224768,send_recv,2,2
348,0.6880000000000001,0.6960000000000001,0.6923333333333334,0.6930000000000001,0.003299831645537225,0,2,8257536,send_recv,2,2
349,0.6910000000000001,0.6960000000000001,0.6930000000000001,0.6920000000000001,0.0021602468994692888,0,2,8290304,send_recv,2,2
350,0.6950000000000001,0.7000000000000001,0.6976666666666668,0.6980000000000001,0.0020548046676563273,0,2,8323072,send_recv,2,2
351,0.6970000000000001,0.7010000000000001,0.6993333333333335,0.7000000000000001,0.0016996731711975963,0,2,8355840,send_recv,2,2
352,0.6980000000000001,0.704,0.702,0.704,0.00282842712474614,0,2,8388608,send_recv,2,2
353,0.712,0.713,0.7126666666666667,0.713,0.00047140452079103207,0,2,8421376,send_recv,2,2
354,0.712,0.713,0.7126666666666667,0.713,0.00047140452079103207,0,2,8454144,send_recv,2,2
355,0.711,0.716,0.714,0.715,0.0021602468994692888,0,2,8486912,send_recv,2,2
356,0.712,0.718,0.714,0.712,0.0028284271247461927,0,2,8519680,send_recv,2,2
357,0.713,0.72,0.7173333333333334,0.719,0.0030912061651652374,0,2,8552448,send_recv,2,2
358,0.719,0.722,0.7203333333333332,0.72,0.0012472191289246482,0,2,8585216,send_recv,2,2
359,0.722,0.725,0.723,0.722,0.0014142135623730965,0,2,8617984,send_recv,2,2
360,0.721,0.728,0.7246666666666667,0.725,0.002867441755680878,0,2,8650752,send_recv,2,2
361,0.729,0.731,0.73,0.73,0.0008164965809277268,0,2,8683520,send_recv,2,2
362,0.731,0.735,0.7326666666666667,0.732,0.0016996731711975963,0,2,8716288,send_recv,2,2
363,0.734,0.735,0.7346666666666666,0.735,0.00047140452079103207,0,2,8749056,send_recv,2,2
364,0.731,0.737,0.7343333333333333,0.735,0.0024944382578492965,0,2,8781824,send_recv,2,2
365,0.73,0.736,0.7333333333333334,0.734,0.0024944382578492965,0,2,8814592,send_recv,2,2
366,0.74,0.746,0.7426666666666666,0.742,0.0024944382578492965,0,2,8847360,send_recv,2,2
367,0.745,0.748,0.7466666666666666,0.747,0.0012472191289246482,0,2,8880128,send_recv,2,2
368,0.742,0.75,0.7456666666666667,0.745,0.003299831645537225,0,2,8912896,send_recv,2,2
369,0.75,0.755,0.7533333333333333,0.755,0.0023570226039551605,0,2,8945664,send_recv,2,2
370,0.753,0.754,0.7536666666666667,0.754,0.00047140452079103207,0,2,8978432,send_recv,2,2
371,0.754,0.756,0.7549999999999999,0.755,0.0008164965809277268,0,2,9011200,send_recv,2,2
372,0.757,0.76,0.7586666666666666,0.759,0.0012472191289246482,0,2,9043968,send_recv,2,2
373,0.757,0.762,0.7586666666666666,0.757,0.0023570226039551605,0,2,9076736,send_recv,2,2
374,0.755,0.762,0.759,0.76,0.0029439202887759515,0,2,9109504,send_recv,2,2
375,0.763,0.77,0.766,0.765,0.0029439202887759515,0,2,9142272,send_recv,2,2
376,0.763,0.771,0.7663333333333333,0.765,0.003399346342395193,0,2,9175040,send_recv,2,2
377,0.774,0.776,0.775,0.775,0.0008164965809277268,0,2,9207808,send_recv,2,2
378,0.774,0.778,0.7756666666666666,0.775,0.0016996731711975963,0,2,9240576,send_recv,2,2
379,0.777,0.781,0.7796666666666666,0.781,0.0018856180831641283,0,2,9273344,send_recv,2,2
380,0.781,0.782,0.7813333333333334,0.781,0.00047140452079103207,0,2,9306112,send_recv,2,2
381,0.777,0.782,0.7796666666666666,0.78,0.0020548046676563273,0,2,9338880,send_recv,2,2
382,0.78,0.787,0.783,0.782,0.0029439202887759515,0,2,9371648,send_recv,2,2
383,0.781,0.786,0.7843333333333334,0.786,0.0023570226039551605,0,2,9404416,send_recv,2,2
384,0.783,0.792,0.789,0.792,0.004242640687119289,0,2,9437184,send_recv,2,2
385,0.796,0.797,0.7963333333333334,0.796,0.00047140452079103207,0,2,9469952,send_recv,2,2
386,0.794,0.797,0.7956666666666666,0.796,0.0012472191289246482,0,2,9502720,send_recv,2,2
387,0.799,0.801,0.8003333333333335,0.801,0.0009428090415820641,0,2,9535488,send_recv,2,2
388,0.799,0.803,0.8016666666666667,0.803,0.0018856180831641283,0,2,9568256,send_recv,2,2
389,0.799,0.802,0.8006666666666667,0.801,0.0012472191289246482,0,2,9601024,send_recv,2,2
390,0.804,0.806,0.8046666666666668,0.804,0.0009428090415820641,0,2,9633792,send_recv,2,2
391,0.807,0.8150000000000001,0.8119999999999999,0.8140000000000001,0.0035590260840104404,0,2,9666560,send_recv,2,2
392,0.804,0.8180000000000001,0.8116666666666666,0.8130000000000001,0.005792715732327594,0,2,9699328,send_recv,2,2
393,0.8170000000000001,0.8210000000000001,0.8196666666666667,0.8210000000000001,0.0018856180831641283,0,2,9732096,send_recv,2,2
394,0.8200000000000001,0.8220000000000001,0.8210000000000001,0.8210000000000001,0.0008164965809277268,0,2,9764864,send_recv,2,2
395,0.8230000000000001,0.8260000000000001,0.824,0.8230000000000001,0.0014142135623730961,0,2,9797632,send_recv,2,2
396,0.8190000000000001,0.8240000000000001,0.8213333333333335,0.8210000000000001,0.0020548046676563273,0,2,9830400,send_recv,2,2
397,0.8240000000000001,0.8260000000000001,0.8253333333333334,0.8260000000000001,0.0009428090415820641,0,2,9863168,send_recv,2,2
398,0.8280000000000001,0.8280000000000001,0.828,0.8280000000000001,1.1102230246251565e-16,0,2,9895936,send_recv,2,2
399,0.8270000000000001,0.835,0.831,0.8310000000000001,0.0032659863237108613,0,2,9928704,send_recv,2,2
400,0.8280000000000001,0.837,0.8336666666666668,0.836,0.004027681991198142,0,2,9961472,send_recv,2,2
401,0.837,0.842,0.8403333333333333,0.842,0.0023570226039551605,0,2,9994240,send_recv,2,2
402,0.839,0.845,0.842,0.842,0.00244948974278318,0,2,10027008,send_recv,2,2
403,0.844,0.846,0.8450000000000001,0.845,0.0008164965809277268,0,2,10059776,send_recv,2,2
404,0.842,0.85,0.8453333333333334,0.844,0.003399346342395193,0,2,10092544,send_recv,2,2
405,0.846,0.848,0.847,0.847,0.0008164965809277268,0,2,10125312,send_recv,2,2
406,0.847,0.853,0.8496666666666667,0.849,0.0024944382578492965,0,2,10158080,send_recv,2,2
407,0.846,0.849,0.847,0.846,0.0014142135623730965,0,2,10190848,send_recv,2,2
408,0.848,0.858,0.8516666666666666,0.849,0.004496912521077351,0,2,10223616,send_recv,2,2
409,0.861,0.864,0.862,0.861,0.0014142135623730963,0,2,10256384,send_recv,2,2
410,0.862,0.867,0.864,0.863,0.0021602468994692888,0,2,10289152,send_recv,2,2
411,0.86,0.868,0.8636666666666666,0.863,0.003299831645537225,0,2,10321920,send_recv,2,2
412,0.865,0.869,0.8666666666666666,0.866,0.0016996731711975965,0,2,10354688,send_recv,2,2
413,0.867,0.87,0.8686666666666666,0.869,0.0012472191289246482,0,2,10387456,send_recv,2,2
414,0.863,0.868,0.8649999999999999,0.864,0.0021602468994692888,0,2,10420224,send_recv,2,2
415,0.869,0.878,0.8746666666666666,0.877,0.004027681991198194,0,2,10452992,send_recv,2,2
416,0.872,0.877,0.874,0.873,0.0021602468994692888,0,2,10485760,send_recv,2,2
417,0.883,0.885,0.884,0.884,0.0008164965809277268,0,2,10518528,send_recv,2,2
418,0.883,0.887,0.8846666666666666,0.884,0.0016996731711975963,0,2,10551296,send_recv,2,2
419,0.886,0.889,0.8876666666666667,0.888,0.0012472191289246482,0,2,10584064,send_recv,2,2
420,0.886,0.89,0.8876666666666667,0.887,0.0016996731711975965,0,2,10616832,send_recv,2,2
421,0.886,0.889,0.8876666666666666,0.888,0.0012472191289246482,0,2,10649600,send_recv,2,2
422,0.885,0.889,0.8876666666666667,0.889,0.0018856180831641283,0,2,10682368,send_recv,2,2
423,0.89,0.893,0.8916666666666667,0.892,0.0012472191289246482,0,2,10715136,send_recv,2,2
424,0.888,0.899,0.894,0.895,0.004546060565661956,0,2,10747904,send_recv,2,2
425,0.905,0.907,0.906,0.906,0.0008164965809277268,0,2,10780672,send_recv,2,2
426,0.899,0.906,0.9033333333333333,0.905,0.0030912061651652374,0,2,10813440,send_recv,2,2
427,0.908,0.91,0.9093333333333334,0.91,0.0009428090415820641,0,2,10846208,send_recv,2,2
428,0.91,0.914,0.9116666666666667,0.911,0.0016996731711975965,0,2,10878976,send_recv,2,2
429,0.906,0.914,0.9103333333333333,0.911,0.003299831645537225,0,2,10911744,send_recv,2,2
430,0.91,0.915,0.9126666666666668,0.913,0.0020548046676563273,0,2,10944512,send_recv,2,2
431,0.914,0.92,0.9173333333333334,0.918,0.0024944382578492965,0,2,10977280,send_recv,2,2
432,0.917,0.925,0.9203333333333333,0.919,0.003399346342395193,0,2,11010048,send_recv,2,2
433,0.926,0.928,0.927,0.927,0.0008164965809277268,0,2,11042816,send_recv,2,2
434,0.926,0.933,0.9293333333333335,0.929,0.002867441755680878,0,2,11075584,send_recv,2,2
435,0.932,0.933,0.9326666666666666,0.933,0.00047140452079103207,0,2,11108352,send_recv,2,2
436,0.929,0.933,0.9313333333333335,0.932,0.0016996731711975965,0,2,11141120,send_recv,2,2
437,0.93,0.9390000000000001,0.9333333333333335,0.931,0.004027681991198194,0,2,11173888,send_recv,2,2
438,0.931,0.9380000000000001,0.935,0.936,0.0029439202887759515,0,2,11206656,send_recv,2,2
439,0.936,0.9400000000000001,0.9376666666666668,0.937,0.0016996731711975963,0,2,11239424,send_recv,2,2
440,0.934,0.9390000000000001,0.9366666666666666,0.937,0.0020548046676563273,0,2,11272192,send_recv,2,2
441,0.9490000000000001,0.9510000000000001,0.9503333333333334,0.9510000000000001,0.0009428090415820641,0,2,11304960,send_recv,2,2
442,0.9470000000000001,0.9540000000000001,0.9503333333333335,0.9500000000000001,0.002867441755680878,0,2,11337728,send_recv,2,2
443,0.9510000000000001,0.9580000000000001,0.9550000000000001,0.9560000000000001,0.0029439202887759515,0,2,11370496,send_recv,2,2
444,0.9460000000000001,0.9540000000000001,0.9510000000000001,0.9530000000000001,0.0035590260840104404,0,2,11403264,send_recv,2,2
445,0.9490000000000001,0.9570000000000001,0.9536666666666668,0.9550000000000001,0.003399346342395193,0,2,11436032,send_recv,2,2
446,0.9550000000000001,0.962,0.9583333333333334,0.9580000000000001,0.002867441755680831,0,2,11468800,send_recv,2,2
447,0.9580000000000001,0.965,0.9620000000000001,0.963,0.0029439202887759012,0,2,11501568,send_recv,2,2
448,0.9590000000000001,0.963,0.961,0.961,0.0016329931618554083,0,2,11534336,send_recv,2,2
449,0.966,0.975,0.9706666666666667,0.971,0.0036817870057290905,0,2,11567104,send_recv,2,2
450,0.97,0.976,0.9726666666666667,0.972,0.0024944382578492965,0,2,11599872,send_recv,2,2
451,0.973,0.978,0.9753333333333334,0.975,0.0020548046676563273,0,2,11632640,send_recv,2,2
452,0.97,0.974,0.9716666666666667,0.971,0.0016996731711975965,0,2,11665408,send_recv,2,2
453,0.969,0.973,0.9706666666666667,0.97,0.0016996731711975965,0,2,11698176,send_recv,2,2
454,0.973,0.976,0.9746666666666667,0.975,0.0012472191289246482,0,2,11730944,send_recv,2,2
455,0.981,0.987,0.983,0.981,0.0028284271247461927,0,2,11763712,send_recv,2,2
456,0.986,0.99,0.988,0.988,0.0016329931618554536,0,2,11796480,send_recv,2,2
457,0.99,0.993,0.9916666666666667,0.992,0.0012472191289246482,0,2,11829248,send_recv,2,2
458,0.991,0.993,0.992,0.992,0.0008164965809277268,0,2,11862016,send_recv,2,2
459,0.997,1.0,0.9986666666666667,0.999,0.0012472191289246482,0,2,11894784,send_recv,2,2
460,0.992,0.997,0.995,0.996,0.0021602468994692888,0,2,11927552,send_recv,2,2
461,0.995,0.998,0.996,0.995,0.0014142135623730965,0,2,11960320,send_recv,2,2
462,0.997,0.997,0.997,0.997,0.0,0,2,11993088,send_recv,2,2
463,0.995,1.0030000000000001,1.0,1.002,0.003559026084010471,0,2,12025856,send_recv,2,2
464,1.0030000000000001,1.01,1.0056666666666667,1.004,0.0030912061651652053,0,2,12058624,send_recv,2,2
465,1.0130000000000001,1.018,1.0146666666666668,1.0130000000000001,0.002357022603955108,0,2,12091392,send_recv,2,2
466,1.0110000000000001,1.014,1.0130000000000001,1.014,0.0014142135623730439,0,2,12124160,send_recv,2,2
467,1.012,1.0190000000000001,1.0146666666666666,1.0130000000000001,0.0030912061651652695,0,2,12156928,send_recv,2,2
468,1.016,1.018,1.0173333333333332,1.018,0.0009428090415820641,0,2,12189696,send_recv,2,2
469,1.018,1.024,1.021,1.0210000000000001,0.00244948974278318,0,2,12222464,send_recv,2,2
470,1.0190000000000001,1.022,1.0200000000000002,1.0190000000000001,0.0014142135623730439,0,2,12255232,send_recv,2,2
471,1.022,1.027,1.024,1.0230000000000001,0.0021602468994692202,0,2,12288000,send_recv,2,2
472,1.02,1.031,1.0256666666666667,1.026,0.004496912521077307,0,2,12320768,send_recv,2,2
473,1.035,1.038,1.0366666666666668,1.037,0.0012472191289246877,0,2,12353536,send_recv,2,2
474,1.038,1.039,1.0383333333333333,1.038,0.00047140452079097976,0,2,12386304,send_recv,2,2
475,1.033,1.042,1.0383333333333333,1.04,0.0038586123009301298,0,2,12419072,send_recv,2,2
476,1.037,1.043,1.040333333333333,1.041,0.0024944382578492965,0,2,12451840,send_recv,2,2
477,1.034,1.04,1.0376666666666665,1.039,0.002624669291337254,0,2,12484608,send_recv,2,2
478,1.039,1.047,1.043,1.043,0.0032659863237109073,0,2,12517376,send_recv,2,2
479,1.038,1.048,1.0433333333333334,1.044,0.0041096093353126546,0,2,12550144,send_recv,2,2
480,1.039,1.055,1.047,1.047,0.0065319726474218145,0,2,12582912,send_recv,2,2
481,1.052,1.059,1.056,1.057,0.0029439202887759012,0,2,12615680,send_recv,2,2
482,1.057,1.063,1.0603333333333333,1.061,0.0024944382578492965,0,2,12648448,send_recv,2,2
483,1.05,1.057,1.0543333333333333,1.056,0.0030912061651652053,0,2,12681216,send_recv,2,2
484,1.059,1.062,1.0603333333333333,1.06,0.0012472191289246877,0,2,12713984,send_recv,2,2
485,1.061,1.066,1.0626666666666666,1.061,0.002357022603955213,0,2,12746752,send_recv,2,2
486,1.063,1.067,1.0653333333333332,1.066,0.001699673171197611,0,2,12779520,send_recv,2,2
487,1.063,1.073,1.0676666666666665,1.067,0.0041096093353126546,0,2,12812288,send_recv,2,2
488,1.065,1.069,1.0663333333333334,1.065,0.0018856180831641283,0,2,12845056,send_recv,2,2
489,1.076,1.083,1.0806666666666667,1.083,0.0032998316455371724,0,2,12877824,send_recv,2,2
490,1.075,1.08,1.0776666666666668,1.078,0.0020548046676563754,0,2,12910592,send_recv,2,2
491,1.08,1.083,1.0813333333333333,1.081,0.0012472191289246088,0,2,12943360,send_recv,2,2
492,1.082,1.086,1.0843333333333334,1.085,0.0016996731711975818,0,2,12976128,send_recv,2,2
493,1.076,1.084,1.081,1.083,0.0035590260840104196,0,2,13008896,send_recv,2,2
494,1.085,1.091,1.088,1.088,0.00244948974278318,0,2,13041664,send_recv,2,2
495,1.086,1.09,1.0883333333333334,1.089,0.0016996731711975818,0,2,13074432,send_recv,2,2
496,1.086,1.099,1.0943333333333334,1.098,0.005906681715556426,0,2,13107200,send_recv,2,2
497,1.098,1.106,1.1023333333333334,1.103,0.0032998316455372175,0,2,13139968,send_recv,2,2
498,1.098,1.102,1.100666666666667,1.102,0.0018856180831641283,0,2,13172736,send_recv,2,2
499,1.099,1.106,1.1023333333333334,1.102,0.002867441755680921,0,2,13205504,send_recv,2,2
500,1.095,1.106,1.102,1.105,0.004966554808583814,0,2,13238272,send_recv,2,2
501,1.105,1.106,1.1053333333333335,1.105,0.00047140452079108444,0,2,13271040,send_recv,2,2
502,1.102,1.111,1.1063333333333334,1.106,0.0036817870057290433,0,2,13303808,send_recv,2,2
503,1.109,1.114,1.111,1.11,0.002160246899469323,0,2,13336576,send_recv,2,2
504,1.112,1.117,1.115,1.116,0.0021602468994692545,0,2,13369344,send_recv,2,2
505,1.117,1.129,1.1239999999999999,1.1260000000000001,0.005099019513592804,0,2,13402112,send_recv,2,2
506,1.124,1.127,1.1256666666666668,1.1260000000000001,0.0012472191289246088,0,2,13434880,send_recv,2,2
507,1.119,1.121,1.12,1.12,0.0008164965809277268,0,2,13467648,send_recv,2,2
508,1.122,1.124,1.1233333333333335,1.124,0.0009428090415820641,0,2,13500416,send_recv,2,2
509,1.12,1.127,1.1239999999999999,1.125,0.0029439202887759012,0,2,13533184,send_recv,2,2
510,1.123,1.1280000000000001,1.1260000000000001,1.127,0.002160246899469323,0,2,13565952,send_recv,2,2
511,1.127,1.139,1.132,1.1300000000000001,0.005099019513592775,0,2,13598720,send_recv,2,2
512,1.127,1.1380000000000001,1.133,1.1340000000000001,0.004546060565662004,0,2,13631488,send_recv,2,2
513,1.137,1.149,1.1433333333333333,1.1440000000000001,0.004921607686744476,0,2,13664256,send_recv,2,2
514,1.145,1.151,1.1473333333333333,1.1460000000000001,0.002624669291337254,0,2,13697024,send_recv,2,2
515,1.1420000000000001,1.151,1.1470000000000002,1.1480000000000001,0.0037416573867739052,0,2,13729792,send_recv,2,2
516,1.141,1.153,1.1460000000000001,1.1440000000000001,0.005099019513592775,0,2,13762560,send_recv,2,2
517,1.143,1.149,1.1463333333333334,1.147,0.0024944382578492965,0,2,13795328,send_recv,2,2
518,1.147,1.151,1.149,1.149,0.0016329931618554536,0,2,13828096,send_recv,2,2
519,1.147,1.153,1.1493333333333333,1.1480000000000001,0.002624669291337254,0,2,13860864,send_recv,2,2
520,1.155,1.16,1.157,1.156,0.0021602468994692545,0,2,13893632,send_recv,2,2
521,1.16,1.165,1.1626666666666667,1.163,0.0020548046676563754,0,2,13926400,send_recv,2,2
522,1.16,1.171,1.1643333333333334,1.162,0.004784233364802497,0,2,13959168,send_recv,2,2
523,1.168,1.172,1.1703333333333334,1.171,0.001699673171197611,0,2,13991936,send_recv,2,2
524,1.165,1.175,1.1706666666666665,1.172,0.00418993502999217,0,2,14024704,send_recv,2,2
525,1.168,1.172,1.1693333333333333,1.168,0.0018856180831641283,0,2,14057472,send_recv,2,2
526,1.166,1.173,1.1706666666666667,1.173,0.003299831645537277,0,2,14090240,send_recv,2,2
527,1.173,1.178,1.176,1.177,0.0021602468994692545,0,2,14123008,send_recv,2,2
528,1.178,1.183,1.1806666666666665,1.181,0.0020548046676563754,0,2,14155776,send_recv,2,2
529,1.182,1.184,1.1833333333333333,1.184,0.0009428090415820641,0,2,14188544,send_recv,2,2
530,1.187,1.188,1.1876666666666666,1.188,0.00047140452079097976,0,2,14221312,send_recv,2,2
531,1.187,1.192,1.1896666666666667,1.19,0.002054804667656279,0,2,14254080,send_recv,2,2
532,1.187,1.196,1.1916666666666667,1.192,0.0036817870057290433,0,2,14286848,send_recv,2,2
533,1.191,1.196,1.1929999999999998,1.192,0.0021602468994692545,0,2,14319616,send_recv,2,2
534,1.185,1.199,1.192,1.192,0.005715476066494087,0,2,14352384,send_recv,2,2
535,1.192,1.2,1.1966666666666665,1.198,0.003399346342395193,0,2,14385152,send_recv,2,2
536,1.197,1.204,1.2003333333333333,1.2,0.0028674417556808353,0,2,14417920,send_recv,2,2
537,1.203,1.21,1.2073333333333334,1.209,0.0030912061651652053,0,2,14450688,send_recv,2,2
538,1.203,1.21,1.2073333333333334,1.209,0.0030912061651652053,0,2,14483456,send_recv,2,2
539,1.21,1.215,1.213,1.214,0.002160246899469323,0,2,14516224,send_recv,2,2
540,1.204,1.21,1.2076666666666667,1.209,0.0026246692913372916,0,2,14548992,send_recv,2,2
541,1.211,1.213,1.2123333333333335,1.213,0.0009428090415820641,0,2,14581760,send_recv,2,2
542,1.207,1.218,1.2106666666666668,1.207,0.005185449728701301,0,2,14614528,send_recv,2,2
543,1.211,1.218,1.2140000000000002,1.213,0.0029439202887759012,0,2,14647296,send_recv,2,2
544,1.217,1.227,1.2213333333333332,1.22,0.004189935029992193,0,2,14680064,send_recv,2,2
545,1.226,1.232,1.23,1.232,0.0028284271247461927,0,2,14712832,send_recv,2,2
546,1.229,1.234,1.232,1.233,0.0021602468994692545,0,2,14745600,send_recv,2,2
547,1.231,1.236,1.2336666666666667,1.234,0.002054804667656279,0,2,14778368,send_recv,2,2
548,1.233,1.236,1.2346666666666666,1.235,0.0012472191289246088,0,2,14811136,send_recv,2,2
549,1.232,1.237,1.234,1.233,0.002160246899469323,0,2,14843904,send_recv,2,2
550,1.232,1.244,1.2366666666666666,1.234,0.005249338582674546,0,2,14876672,send_recv,2,2
551,1.236,1.249,1.2433333333333334,1.245,0.005436502143433418,0,2,14909440,send_recv,2,2
552,1.238,1.242,1.24,1.24,0.0016329931618554536,0,2,14942208,send_recv,2,2
553,1.247,1.2550000000000001,1.2503333333333335,1.249,0.003399346342395193,0,2,14974976,send_recv,2,2
554,1.252,1.2610000000000001,1.2556666666666667,1.254,0.0038586123009301298,0,2,15007744,send_recv,2,2
555,1.25,1.2570000000000001,1.2536666666666667,1.254,0.002867441755680921,0,2,15040512,send_recv,2,2
556,1.248,1.2570000000000001,1.2526666666666666,1.2530000000000001,0.003681787005729137,0,2,15073280,send_recv,2,2
557,1.249,1.2550000000000001,1.2513333333333334,1.25,0.0026246692913372916,0,2,15106048,send_recv,2,2
558,1.252,1.2610000000000001,1.257,1.258,0.003741657386773984,0,2,15138816,send_recv,2,2
559,1.2550000000000001,1.2630000000000001,1.26,1.262,0.0035590260840104196,0,2,15171584,send_recv,2,2
560,1.2610000000000001,1.2630000000000001,1.2616666666666667,1.2610000000000001,0.0009428090415820641,0,2,15204352,send_recv,2,2
561,1.27,1.278,1.2730000000000001,1.2710000000000001,0.0035590260840104196,0,2,15237120,send_recv,2,2
562,1.2670000000000001,1.2770000000000001,1.2733333333333334,1.276,0.004496912521077329,0,2,15269888,send_recv,2,2
563,1.276,1.28,1.2783333333333333,1.2790000000000001,0.001699673171197611,0,2,15302656,send_recv,2,2
564,1.276,1.282,1.279,1.2790000000000001,0.00244948974278318,0,2,15335424,send_recv,2,2
565,1.272,1.278,1.276,1.278,0.002828427124746193,0,2,15368192,send_recv,2,2
566,1.276,1.29,1.2816666666666665,1.2790000000000001,0.006018490028422586,0,2,15400960,send_recv,2,2
567,1.28,1.292,1.2856666666666667,1.285,0.004921607686744476,0,2,15433728,send_recv,2,2
568,1.283,1.284,1.2833333333333332,1.283,0.00047140452079108444,0,2,15466496,send_recv,2,2
569,1.292,1.3,1.296,1.296,0.0032659863237109073,0,2,15499264,send_recv,2,2
570,1.29,1.298,1.2946666666666669,1.296,0.003399346342395193,0,2,15532032,send_recv,2,2
571,1.299,1.301,1.3003333333333333,1.301,0.0009428090415820641,0,2,15564800,send_recv,2,2
572,1.291,1.301,1.297,1.299,0.0043204937989385775,0,2,15597568,send_recv,2,2
573,1.294,1.306,1.2986666666666666,1.296,0.005249338582674546,0,2,15630336,send_recv,2,2
574,1.299,1.304,1.3013333333333332,1.301,0.0020548046676563754,0,2,15663104,send_recv,2,2
575,1.296,1.309,1.3033333333333335,1.305,0.005436502143433318,0,2,15695872,send_recv,2,2
576,1.301,1.309,1.3043333333333333,1.303,0.003399346342395193,0,2,15728640,send_recv,2,2
577,1.311,1.318,1.3143333333333334,1.314,0.002867441755680921,0,2,15761408,send_recv,2,2
578,1.316,1.323,1.3193333333333335,1.319,0.002867441755680835,0,2,15794176,send_recv,2,2
579,1.314,1.321,1.3176666666666668,1.318,0.002867441755680835,0,2,15826944,send_recv,2,2
580,1.319,1.329,1.323,1.321,0.0043204937989385775,0,2,15859712,send_recv,2,2
581,1.317,1.321,1.3193333333333335,1.32,0.001699673171197611,0,2,15892480,send_recv,2,2
582,1.325,1.327,1.3256666666666668,1.325,0.0009428090415820641,0,2,15925248,send_recv,2,2
583,1.321,1.329,1.324,1.322,0.0035590260840104196,0,2,15958016,send_recv,2,2
584,1.324,1.328,1.3263333333333334,1.327,0.0016996731711975818,0,2,15990784,send_recv,2,2
585,1.33,1.344,1.3383333333333336,1.341,0.006018490028422586,0,2,16023552,send_recv,2,2
586,1.336,1.339,1.3376666666666666,1.338,0.0012472191289246088,0,2,16056320,send_recv,2,2
587,1.343,1.345,1.344,1.344,0.0008164965809277268,0,2,16089088,send_recv,2,2
588,1.334,1.347,1.3393333333333333,1.337,0.005557777333510991,0,2,16121856,send_recv,2,2
589,1.336,1.347,1.3406666666666667,1.339,0.004642796092394673,0,2,16154624,send_recv,2,2
590,1.334,1.354,1.342666666666667,1.34,0.008379870059984364,0,2,16187392,send_recv,2,2
591,1.343,1.353,1.3469999999999998,1.345,0.0043204937989385775,0,2,16220160,send_recv,2,2
592,1.34,1.35,1.346,1.348,0.0043204937989385775,0,2,16252928,send_recv,2,2
593,1.359,1.365,1.3623333333333332,1.363,0.0024944382578492965,0,2,16285696,send_recv,2,2
594,1.364,1.369,1.3663333333333334,1.366,0.002054804667656279,0,2,16318464,send_recv,2,2
595,1.356,1.365,1.3603333333333334,1.36,0.0036817870057290433,0,2,16351232,send_recv,2,2
596,1.364,1.37,1.3663333333333334,1.365,0.0026246692913372916,0,2,16384000,send_recv,2,2
597,1.352,1.365,1.3576666666666668,1.356,0.005436502143433318,0,2,16416768,send_recv,2,2
598,1.364,1.369,1.367,1.368,0.0021602468994692545,0,2,16449536,send_recv,2,2
599,1.363,1.373,1.3663333333333334,1.363,0.004714045207910321,0,2,16482304,send_recv,2,2
600,1.362,1.368,1.3646666666666667,1.364,0.0024944382578492965,0,2,16515072,send_recv,2,2
601,1.3820000000000001,1.3860000000000001,1.3833333333333335,1.3820000000000001,0.0018856180831641283,0,2,16547840,send_recv,2,2
602,1.379,1.3900000000000001,1.3856666666666666,1.3880000000000001,0.004784233364802497,0,2,16580608,send_recv,2,2
603,1.383,1.387,1.385,1.385,0.0016329931618554536,0,2,16613376,send_recv,2,2
604,1.3760000000000001,1.3800000000000001,1.3776666666666666,1.377,0.001699673171197611,0,2,16646144,send_recv,2,2
605,1.3820000000000001,1.3900000000000001,1.385,1.383,0.0035590260840104608,0,2,16678912,send_recv,2,2
606,1.3880000000000001,1.3940000000000001,1.390666666666667,1.3900000000000001,0.0024944382578492965,0,2,16711680,send_recv,2,2
607,1.3820000000000001,1.403,1.3940000000000001,1.397,0.008831760866327804,0,2,16744448,send_recv,2,2
608,1.3920000000000001,1.403,1.3966666666666665,1.395,0.004642796092394673,0,2,16777216,send_recv,2,2
609,1.395,1.399,1.3976666666666666,1.399,0.0018856180831641283,0,2,16777216,send_recv,2,2
610,1.4000000000000001,1.411,1.4063333333333334,1.408,0.004642796092394647,0,2,16908288,send_recv,2,2
611,1.4060000000000001,1.416,1.4110000000000003,1.411,0.004082482904638543,0,2,17039360,send_recv,2,2
612,1.421,1.433,1.4269999999999998,1.427,0.00489897948556636,0,2,17170432,send_recv,2,2
613,1.427,1.436,1.4326666666666668,1.435,0.0040276819911981634,0,2,17301504,send_recv,2,2
614,1.447,1.457,1.4513333333333334,1.45,0.004189935029992194,0,2,17432576,send_recv,2,2
615,1.449,1.458,1.454,1.455,0.0037416573867739052,0,2,17563648,send_recv,2,2
616,1.466,1.474,1.469,1.467,0.0035590260840104196,0,2,17694720,send_recv,2,2
617,1.47,1.484,1.4783333333333333,1.481,0.006018490028422618,0,2,17825792,send_recv,2,2
618,1.488,1.49,1.489,1.489,0.0008164965809277268,0,2,17956864,send_recv,2,2
619,1.508,1.512,1.5096666666666667,1.5090000000000001,0.0016996731711975818,0,2,18087936,send_recv,2,2
620,1.5070000000000001,1.518,1.5120000000000002,1.5110000000000001,0.004546060565661907,0,2,18219008,send_recv,2,2
621,1.5190000000000001,1.522,1.5206666666666668,1.5210000000000001,0.0012472191289246088,0,2,18350080,send_recv,2,2
622,1.536,1.541,1.5376666666666665,1.536,0.002357022603955108,0,2,18481152,send_recv,2,2
623,1.538,1.541,1.539,1.538,0.0014142135623730439,0,2,18612224,send_recv,2,2
624,1.547,1.552,1.5493333333333332,1.549,0.0020548046676563754,0,2,18743296,send_recv,2,2
625,1.554,1.57,1.5636666666666665,1.567,0.006944222218666541,0,2,18874368,send_recv,2,2
626,1.58,1.582,1.5810000000000002,1.581,0.0008164965809277268,0,2,19005440,send_recv,2,2
627,1.574,1.59,1.5823333333333334,1.583,0.006548960901462835,0,2,19136512,send_recv,2,2
628,1.594,1.612,1.600666666666667,1.596,0.008055363982396388,0,2,19267584,send_recv,2,2
629,1.598,1.601,1.5999999999999999,1.601,0.0014142135623730439,0,2,19398656,send_recv,2,2
630,1.622,1.625,1.6233333333333333,1.623,0.0012472191289246088,0,2,19529728,send_recv,2,2
631,1.629,1.637,1.6320000000000003,1.6300000000000001,0.0035590260840104196,0,2,19660800,send_recv,2,2
632,1.6420000000000001,1.6480000000000001,1.6440000000000001,1.6420000000000001,0.002828427124746193,0,2,19791872,send_recv,2,2
633,1.6460000000000001,1.647,1.6466666666666667,1.647,0.00047140452079097976,0,2,19922944,send_recv,2,2
634,1.6560000000000001,1.666,1.6623333333333334,1.665,0.004496912521077269,0,2,20054016,send_recv,2,2
635,1.666,1.68,1.6713333333333331,1.668,0.006182412330330475,0,2,20185088,send_recv,2,2
636,1.678,1.695,1.6836666666666666,1.678,0.008013876853447599,0,2,20316160,send_recv,2,2
637,1.687,1.696,1.6916666666666667,1.692,0.0036817870057290433,0,2,20447232,send_recv,2,2
638,1.711,1.719,1.7140000000000002,1.712,0.003559026084010461,0,2,20578304,send_recv,2,2
639,1.708,1.715,1.712,1.713,0.0029439202887760023,0,2,20709376,send_recv,2,2
640,1.719,1.737,1.7266666666666668,1.724,0.007586537784494048,0,2,20840448,send_recv,2,2
641,1.73,1.75,1.7383333333333333,1.735,0.008498365855987969,0,2,20971520,send_recv,2,2
642,1.743,1.7510000000000001,1.7473333333333334,1.748,0.0032998316455372175,0,2,21102592,send_recv,2,2
643,1.7510000000000001,1.768,1.7620000000000002,1.7670000000000001,0.007788880963698593,0,2,21233664,send_recv,2,2
644,1.77,1.7770000000000001,1.7743333333333335,1.776,0.0030912061651652695,0,2,21364736,send_recv,2,2
645,1.782,1.7870000000000001,1.7843333333333333,1.784,0.0020548046676563754,0,2,21495808,send_recv,2,2
646,1.788,1.792,1.7906666666666666,1.792,0.0018856180831641283,0,2,21626880,send_recv,2,2
647,1.7910000000000001,1.811,1.7986666666666666,1.794,0.008806563209081861,0,2,21757952,send_recv,2,2
648,1.814,1.816,1.8150000000000002,1.815,0.0008164965809277268,0,2,21889024,send_recv,2,2
649,1.809,1.819,1.8126666666666666,1.81,0.004496912521077329,0,2,22020096,send_recv,2,2
650,1.831,1.839,1.835,1.835,0.0032659863237109073,0,2,22151168,send_recv,2,2
651,1.845,1.852,1.8490000000000002,1.85,0.0029439202887760023,0,2,22282240,send_recv,2,2
652,1.848,1.853,1.851,1.852,0.0021602468994692545,0,2,22413312,send_recv,2,2
653,1.857,1.869,1.8636666666666668,1.865,0.004988876515698593,0,2,22544384,send_recv,2,2
654,1.877,1.8860000000000001,1.8823333333333334,1.8840000000000001,0.0038586123009301298,0,2,22675456,send_recv,2,2
655,1.8820000000000001,1.8980000000000001,1.89,1.8900000000000001,0.0065319726474218145,0,2,22806528,send_recv,2,2
656,1.9000000000000001,1.9060000000000001,1.9023333333333337,1.901,0.0026246692913372916,0,2,22937600,send_recv,2,2
657,1.8960000000000001,1.905,1.9006666666666667,1.901,0.0036817870057290433,0,2,23068672,send_recv,2,2
658,1.9180000000000001,1.926,1.9226666666666665,1.924,0.0033993463423950916,0,2,23199744,send_recv,2,2
659,1.922,1.934,1.929,1.931,0.005099019513592804,0,2,23330816,send_recv,2,2
660,1.94,1.945,1.9423333333333332,1.942,0.0020548046676563754,0,2,23461888,send_recv,2,2
661,1.945,1.956,1.9493333333333336,1.947,0.004784233364802394,0,2,23592960,send_recv,2,2
662,1.962,1.966,1.9640000000000002,1.964,0.0016329931618554536,0,2,23724032,send_recv,2,2
663,1.969,1.988,1.976,1.971,0.008524474568362903,0,2,23855104,send_recv,2,2
664,1.974,1.989,1.9823333333333333,1.984,0.006236095644623281,0,2,23986176,send_recv,2,2
665,1.982,1.995,1.9886666666666668,1.989,0.0053124591501697935,0,2,24117248,send_recv,2,2
666,2.004,2.0180000000000002,2.0093333333333336,2.0060000000000002,0.006182412330330539,0,2,24248320,send_recv,2,2
667,2.003,2.011,2.0080000000000005,2.0100000000000002,0.003559026084010461,0,2,24379392,send_recv,2,2
668,2.007,2.019,2.013,2.013,0.00489897948556636,0,2,24510464,send_recv,2,2
669,2.017,2.029,2.0233333333333334,2.024,0.004921607686744476,0,2,24641536,send_recv,2,2
670,2.035,2.0460000000000003,2.0413333333333337,2.043,0.0046427960923947475,0,2,24772608,send_recv,2,2
671,2.036,2.051,2.044333333333334,2.0460000000000003,0.006236095644623301,0,2,24903680,send_recv,2,2
672,2.052,2.061,2.0573333333333337,2.059,0.0038586123009300595,0,2,25034752,send_recv,2,2
673,2.056,2.063,2.0589999999999997,2.058,0.002943920288776027,0,2,25165824,send_recv,2,2
674,2.073,2.08,2.077,2.078,0.0029439202887759767,0,2,25296896,send_recv,2,2
675,2.085,2.096,2.089,2.086,0.0049665548085838585,0,2,25427968,send_recv,2,2
676,2.096,2.111,2.1013333333333333,2.097,0.006847546194724794,0,2,25559040,send_recv,2,2
677,2.103,2.111,2.1060000000000003,2.104,0.0035590260840104608,0,2,25690112,send_recv,2,2
678,2.115,2.13,2.1216666666666666,2.12,0.006236095644623103,0,2,25821184,send_recv,2,2
679,2.126,2.142,2.1326666666666667,2.13,0.006798692684790386,0,2,25952256,send_recv,2,2
680,2.1470000000000002,2.157,2.1506666666666665,2.148,0.004496912521077269,0,2,26083328,send_recv,2,2
681,2.1390000000000002,2.157,2.148,2.148,0.00734846922834945,0,2,26214400,send_recv,2,2
682,2.157,2.185,2.172333333333334,2.1750000000000003,0.011585431464655205,0,2,26345472,send_recv,2,2
683,2.17,2.186,2.175666666666667,2.1710000000000003,0.007318166133366652,0,2,26476544,send_recv,2,2
684,2.176,2.195,2.185,2.184,0.007788880963698479,0,2,26607616,send_recv,2,2
685,2.185,2.19,2.188333333333333,2.19,0.002357022603955108,0,2,26738688,send_recv,2,2
686,2.21,2.217,2.214,2.215,0.0029439202887759767,0,2,26869760,send_recv,2,2
687,2.217,2.23,2.223333333333333,2.223,0.005312459150169706,0,2,27000832,send_recv,2,2
688,2.224,2.241,2.2313333333333336,2.229,0.007133644853010867,0,2,27131904,send_recv,2,2
689,2.226,2.251,2.2383333333333333,2.238,0.010208928554075666,0,2,27262976,send_recv,2,2
690,2.236,2.248,2.2436666666666665,2.247,0.0054365021434333,0,2,27394048,send_recv,2,2
691,2.2520000000000002,2.265,2.2573333333333334,2.255,0.005557777333511023,0,2,27525120,send_recv,2,2
692,2.2720000000000002,2.277,2.2750000000000004,2.2760000000000002,0.0021602468994692545,0,2,27656192,send_recv,2,2
693,2.273,2.278,2.2756666666666665,2.2760000000000002,0.0020548046676562913,0,2,27787264,send_recv,2,2
694,2.285,2.289,2.2866666666666666,2.286,0.001699673171197611,0,2,27918336,send_recv,2,2
695,2.293,2.305,2.297333333333333,2.294,0.00543650214343339,0,2,28049408,send_recv,2,2
696,2.305,2.328,2.314,2.309,0.010033277962194794,0,2,28180480,send_recv,2,2
697,2.308,2.335,2.3216666666666668,2.322,0.011025223605694209,0,2,28311552,send_recv,2,2
698,2.327,2.341,2.333666666666667,2.333,0.005734883511361842,0,2,28442624,send_recv,2,2
699,2.332,2.357,2.3446666666666665,2.345,0.010208928554075848,0,2,28573696,send_recv,2,2
700,2.342,2.364,2.3523333333333336,2.351,0.009030811456095963,0,2,28704768,send_recv,2,2
701,2.357,2.3770000000000002,2.3676666666666666,2.369,0.008219218670625309,0,2,28835840,send_recv,2,2
702,2.366,2.392,2.378,2.376,0.0107082522694726,0,2,28966912,send_recv,2,2
703,2.391,2.406,2.398,2.3970000000000002,0.006164414002969018,0,2,29097984,send_recv,2,2
704,2.396,2.4,2.3976666666666664,2.3970000000000002,0.001699673171197553,0,2,29229056,send_recv,2,2
705,2.3970000000000002,2.407,2.4023333333333334,2.403,0.004109609335312558,0,2,29360128,send_recv,2,2
706,2.418,2.431,2.426,2.4290000000000003,0.005715476066494074,0,2,29491200,send_recv,2,2
707,2.419,2.438,2.427,2.424,0.008041558721209952,0,2,29622272,send_recv,2,2
708,2.44,2.45,2.4436666666666667,2.441,0.004496912521077477,0,2,29753344,send_recv,2,2
709,2.439,2.451,2.4433333333333334,2.44,0.00543650214343339,0,2,29884416,send_recv,2,2
710,2.464,2.473,2.468,2.467,0.0037416573867738853,0,2,30015488,send_recv,2,2
711,2.458,2.475,2.465333333333333,2.463,0.007133644853010867,0,2,30146560,send_recv,2,2
712,2.492,2.495,2.4936666666666665,2.494,0.0012472191289247076,0,2,30277632,send_recv,2,2
713,2.48,2.491,2.485333333333333,2.485,0.0044969125210774005,0,2,30408704,send_recv,2,2
714,2.505,2.5220000000000002,2.5123333333333338,2.5100000000000002,0.007133644853011019,0,2,30539776,send_recv,2,2
715,2.5,2.529,2.513,2.5100000000000002,0.012027745701779087,0,2,30670848,send_recv,2,2
716,2.516,2.536,2.5236666666666667,2.519,0.008806563209081925,0,2,30801920,send_recv,2,2
717,2.525,2.533,2.5286666666666666,2.528,0.0032998316455372175,0,2,30932992,send_recv,2,2
718,2.551,2.553,2.5516666666666667,2.551,0.0009428090415819595,0,2,31064064,send_recv,2,2
719,2.552,2.577,2.561666666666667,2.556,0.010964589468932308,0,2,31195136,send_recv,2,2
720,2.559,2.564,2.5623333333333336,2.564,0.002357022603955108,0,2,31326208,send_recv,2,2
721,2.569,2.573,2.571,2.571,0.0016329931618554536,0,2,31457280,send_recv,2,2
722,2.583,2.606,2.596,2.599,0.009626352718795661,0,2,31588352,send_recv,2,2
723,2.588,2.616,2.601,2.599,0.011518101695447334,0,2,31719424,send_recv,2,2
724,2.607,2.609,2.607666666666667,2.607,0.0009428090415819595,0,2,31850496,send_recv,2,2
725,2.612,2.624,2.6186666666666665,2.62,0.004988876515698593,0,2,31981568,send_recv,2,2
726,2.623,2.65,2.6406666666666667,2.649,0.012498888839501662,0,2,32112640,send_recv,2,2
727,2.6310000000000002,2.6550000000000002,2.6453333333333333,2.65,0.010338708279513841,0,2,32243712,send_recv,2,2
728,2.6550000000000002,2.668,2.6593333333333335,2.6550000000000002,0.006128258770283365,0,2,32374784,send_recv,2,2
729,2.649,2.662,2.6546666666666665,2.653,0.005436502143433318,0,2,32505856,send_recv,2,2
730,2.67,2.698,2.6843333333333335,2.685,0.011440668201153689,0,2,32636928,send_recv,2,2
731,2.674,2.682,2.6776666666666666,2.677,0.0032998316455372175,0,2,32768000,send_recv,2,2
732,2.7,2.703,2.7016666666666667,2.702,0.0012472191289245099,0,2,32899072,send_recv,2,2
733,2.689,2.706,2.6973333333333334,2.697,0.006944222218666513,0,2,33030144,send_recv,2,2
734,2.713,2.735,2.7216666666666662,2.717,0.009568466729604787,0,2,33161216,send_recv,2,2
735,2.713,2.732,2.7216666666666662,2.72,0.007845734863959928,0,2,33292288,send_recv,2,2
736,2.739,2.755,2.7473333333333336,2.748,0.00654896090146285,0,2,33423360,send_recv,2,2
737,2.735,2.774,2.7503333333333337,2.742,0.01697710877099584,0,2,33554432,send_recv,2,2
738,2.755,2.767,2.7596666666666665,2.757,0.005249338582674508,0,2,33685504,send_recv,2,2
739,2.763,2.781,2.7693333333333334,2.7640000000000002,0.008259674462242617,0,2,33816576,send_recv,2,2
740,2.7760000000000002,2.783,2.779666666666667,2.7800000000000002,0.002867441755680749,0,2,33947648,send_recv,2,2
741,2.779,2.7840000000000003,2.7823333333333338,2.7840000000000003,0.0023570226039553175,0,2,34078720,send_recv,2,2
742,2.7920000000000003,2.814,2.8043333333333336,2.807,0.009177266598624034,0,2,34209792,send_recv,2,2
743,2.813,2.827,2.8183333333333334,2.815,0.006182412330330411,0,2,34340864,send_recv,2,2
744,2.819,2.836,2.828333333333333,2.83,0.007039570693980934,0,2,34471936,send_recv,2,2
745,2.829,2.843,2.8346666666666667,2.832,0.006018490028422549,0,2,34603008,send_recv,2,2
746,2.839,2.85,2.844666666666667,2.845,0.0044969125210774005,0,2,34734080,send_recv,2,2
747,2.844,2.851,2.8476666666666666,2.848,0.002867441755680921,0,2,34865152,send_recv,2,2
748,2.863,2.868,2.8653333333333335,2.865,0.0020548046676562674,0,2,34996224,send_recv,2,2
749,2.861,2.871,2.8656666666666673,2.865,0.004109609335312558,0,2,35127296,send_recv,2,2
750,2.898,2.904,2.901,2.9010000000000002,0.00244948974278309,0,2,35258368,send_recv,2,2
751,2.89,2.891,2.890333333333334,2.89,0.00047140452079097976,0,2,35389440,send_recv,2,2
752,2.902,2.9170000000000003,2.908,2.9050000000000002,0.0064807406984079005,0,2,35520512,send_recv,2,2
753,2.916,2.922,2.919,2.919,0.002449489742783271,0,2,35651584,send_recv,2,2
754,2.924,2.931,2.9283333333333332,2.93,0.0030912061651653094,0,2,35782656,send_recv,2,2
755,2.931,2.95,2.94,2.939,0.007788880963698669,0,2,35913728,send_recv,2,2
756,2.944,2.96,2.951,2.949,0.0066833125519211575,0,2,36044800,send_recv,2,2
757,2.948,2.964,2.956666666666667,2.958,0.006599663291074464,0,2,36175872,send_recv,2,2
758,2.97,2.984,2.9753333333333334,2.972,0.006182412330330411,0,2,36306944,send_recv,2,2
759,2.978,3.0,2.9896666666666665,2.991,0.009030811456095961,0,2,36438016,send_recv,2,2
760,2.984,2.994,2.99,2.992,0.004320493798938646,0,2,36569088,send_recv,2,2
761,2.991,2.996,2.9939999999999998,2.995,0.0021602468994692545,0,2,36700160,send_recv,2,2
762,3.009,3.041,3.0243333333333333,3.023,0.013097921802925672,0,2,36831232,send_recv,2,2
763,3.02,3.035,3.0263333333333335,3.024,0.006342099196813539,0,2,36962304,send_recv,2,2
764,3.0260000000000002,3.028,3.0269999999999997,3.027,0.0008164965809276362,0,2,37093376,send_recv,2,2
765,3.043,3.067,3.052,3.0460000000000003,0.0106770782520313,0,2,37224448,send_recv,2,2
766,3.052,3.082,3.064333333333334,3.059,0.012814921857827285,0,2,37355520,send_recv,2,2
767,3.059,3.063,3.0606666666666666,3.06,0.001699673171197611,0,2,37486592,send_recv,2,2
768,3.071,3.091,3.078666666666667,3.074,0.008806563209082005,0,2,37617664,send_recv,2,2
769,3.076,3.094,3.087,3.091,0.007874007874011772,0,2,37748736,send_recv,2,2
770,3.093,3.108,3.1020000000000003,3.105,0.0064807406984079005,0,2,37879808,send_recv,2,2
771,3.098,3.117,3.105333333333333,3.101,0.008339997335464576,0,2,38010880,send_recv,2,2
772,3.109,3.134,3.1216666666666666,3.122,0.010208928554075666,0,2,38141952,send_recv,2,2
773,3.118,3.128,3.124,3.126,0.004320493798938646,0,2,38273024,send_recv,2,2
774,3.138,3.1630000000000003,3.1523333333333334,3.156,0.010530379332621024,0,2,38404096,send_recv,2,2
775,3.15,3.152,3.1513333333333335,3.152,0.0009428090415821689,0,2,38535168,send_recv,2,2
776,3.174,3.182,3.1783333333333332,3.1790000000000003,0.003299831645537247,0,2,38666240,send_recv,2,2
777,3.166,3.2,3.1803333333333335,3.1750000000000003,0.014383632673594353,0,2,38797312,send_recv,2,2
778,3.192,3.2,3.1966666666666668,3.198,0.0033993463423951636,0,2,38928384,send_recv,2,2
779,3.182,3.201,3.190666666666667,3.189,0.007845734863959928,0,2,39059456,send_recv,2,2
780,3.202,3.226,3.2176666666666667,3.225,0.011085526098877294,0,2,39190528,send_recv,2,2
781,3.203,3.221,3.2103333333333333,3.207,0.0077172246018602595,0,2,39321600,send_recv,2,2
782,3.224,3.246,3.234,3.232,0.009092121131323815,0,2,39452672,send_recv,2,2
783,3.228,3.259,3.247,3.254,0.01358921140709288,0,2,39583744,send_recv,2,2
784,3.235,3.259,3.2466666666666666,3.246,0.00980929264637478,0,2,39714816,send_recv,2,2
785,3.27,3.277,3.2726666666666664,3.271,0.003091206165165309,0,2,39845888,send_recv,2,2
786,3.2720000000000002,3.283,3.2776666666666667,3.278,0.004496912521077214,0,2,39976960,send_recv,2,2
787,3.27,3.2920000000000003,3.283,3.287,0.009416297927883753,0,2,40108032,send_recv,2,2
788,3.2840000000000003,3.305,3.2923333333333336,3.2880000000000003,0.009104333522498398,0,2,40239104,send_recv,2,2
789,3.29,3.306,3.295666666666667,3.291,0.0073181661333667465,0,2,40370176,send_recv,2,2
790,3.3120000000000003,3.336,3.324666666666667,3.326,0.009843215373488761,0,2,40501248,send_recv,2,2
791,3.314,3.334,3.3266666666666667,3.332,0.008993825042154659,0,2,40632320,send_recv,2,2
792,3.322,3.327,3.3243333333333336,3.3240000000000003,0.0020548046676562674,0,2,40763392,send_recv,2,2
793,3.325,3.346,3.3349999999999995,3.334,0.008602325267042592,0,2,40894464,send_recv,2,2
794,3.352,3.376,3.3633333333333333,3.362,0.009843215373488933,0,2,41025536,send_recv,2,2
795,3.36,3.3850000000000002,3.372,3.371,0.010230672835482018,0,2,41156608,send_recv,2,2
796,3.371,3.3810000000000002,3.374333333333334,3.371,0.004714045207910426,0,2,41287680,send_recv,2,2
797,3.3770000000000002,3.388,3.3836666666666666,3.386,0.004784233364802327,0,2,41418752,send_recv,2,2
798,3.39,3.402,3.396666666666667,3.398,0.004988876515698593,0,2,41549824,send_recv,2,2
799,3.399,3.424,3.4096666666666664,3.406,0.010530379332620823,0,2,41680896,send_recv,2,2
800,3.415,3.427,3.421,3.4210000000000003,0.00489897948556636,0,2,41811968,send_recv,2,2
801,3.415,3.43,3.4226666666666667,3.423,0.006128258770283462,0,2,41943040,send_recv,2,2
802,3.436,3.446,3.4403333333333332,3.439,0.0041899350299922705,0,2,42074112,send_recv,2,2
803,3.438,3.456,3.4453333333333336,3.442,0.007717224601860055,0,2,42205184,send_recv,2,2
804,3.458,3.462,3.4600000000000004,3.46,0.0016329931618554536,0,2,42336256,send_recv,2,2
805,3.461,3.472,3.465,3.462,0.004966554808583769,0,2,42467328,send_recv,2,2
806,3.483,3.489,3.4869999999999997,3.489,0.0028284271247460877,0,2,42598400,send_recv,2,2
807,3.485,3.489,3.486333333333333,3.485,0.0018856180831641283,0,2,42729472,send_recv,2,2
808,3.495,3.52,3.505333333333333,3.501,0.010656244908763842,0,2,42860544,send_recv,2,2
809,3.501,3.52,3.5079999999999996,3.503,0.008524474568362965,0,2,42991616,send_recv,2,2
810,3.513,3.548,3.5276666666666667,3.5220000000000002,0.014839886193034732,0,2,43122688,send_recv,2,2
811,3.529,3.545,3.536,3.5340000000000003,0.006683312551921113,0,2,43253760,send_recv,2,2
812,3.551,3.555,3.5526666666666666,3.552,0.001699673171197611,0,2,43384832,send_recv,2,2
813,3.5460000000000003,3.567,3.5540000000000003,3.549,0.00927361849549572,0,2,43515904,send_recv,2,2
814,3.56,3.5620000000000003,3.5606666666666666,3.56,0.0009428090415821689,0,2,43646976,send_recv,2,2
815,3.579,3.589,3.582666666666667,3.58,0.004496912521077269,0,2,43778048,send_recv,2,2
816,3.576,3.586,3.582333333333333,3.585,0.0044969125210772695,0,2,43909120,send_recv,2,2
817,3.589,3.603,3.5943333333333336,3.591,0.006182412330330539,0,2,44040192,send_recv,2,2
818,3.614,3.6510000000000002,3.6283333333333334,3.62,0.016213848676020545,0,2,44171264,send_recv,2,2
819,3.606,3.625,3.6173333333333333,3.621,0.008178562764256924,0,2,44302336,send_recv,2,2
820,3.624,3.633,3.6293333333333333,3.6310000000000002,0.0038586123009300595,0,2,44433408,send_recv,2,2
821,3.622,3.633,3.629,3.632,0.0049665548085838585,0,2,44564480,send_recv,2,2
822,3.649,3.6710000000000003,3.6583333333333337,3.6550000000000002,0.009285592184789497,0,2,44695552,send_recv,2,2
823,3.657,3.666,3.6630000000000003,3.666,0.004242640687119236,0,2,44826624,send_recv,2,2
824,3.674,3.6790000000000003,3.6773333333333333,3.6790000000000003,0.0023570226039553175,0,2,44957696,send_recv,2,2
825,3.6670000000000003,3.67,3.6683333333333334,3.668,0.0012472191289245099,0,2,45088768,send_recv,2,2
826,3.694,3.701,3.697333333333333,3.697,0.002867441755680921,0,2,45219840,send_recv,2,2
827,3.7,3.717,3.7103333333333333,3.714,0.00740870359029756,0,2,45350912,send_recv,2,2
828,3.705,3.731,3.7196666666666665,3.723,0.010873004286866637,0,2,45481984,send_recv,2,2
829,3.7070000000000003,3.718,3.714,3.717,0.00496655480858365,0,2,45613056,send_recv,2,2
830,3.734,3.7560000000000002,3.747666666666667,3.753,0.009741092797468397,0,2,45744128,send_recv,2,2
831,3.738,3.77,3.7520000000000002,3.748,0.01336662510384227,0,2,45875200,send_recv,2,2
832,3.749,3.763,3.7566666666666664,3.758,0.0057927157323275046,0,2,46006272,send_recv,2,2
833,3.755,3.7960000000000003,3.7720000000000002,3.765,0.017454703282114868,0,2,46137344,send_recv,2,2
834,3.774,3.787,3.78,3.779,0.0053541261347363,0,2,46268416,send_recv,2,2
835,3.773,3.786,3.78,3.781,0.0053541261347363,0,2,46399488,send_recv,2,2
836,3.7960000000000003,3.811,3.8023333333333333,3.8000000000000003,0.006342099196813336,0,2,46530560,send_recv,2,2
837,3.7960000000000003,3.809,3.801666666666667,3.8000000000000003,0.005436502143433318,0,2,46661632,send_recv,2,2
838,3.825,3.844,3.8319999999999994,3.827,0.008524474568362844,0,2,46792704,send_recv,2,2
839,3.829,3.847,3.8386666666666667,3.84,0.007408703590297527,0,2,46923776,send_recv,2,2
840,3.8360000000000003,3.85,3.844666666666667,3.848,0.006182412330330331,0,2,47054848,send_recv,2,2
841,3.842,3.867,3.8506666666666667,3.843,0.011556623882239792,0,2,47185920,send_recv,2,2
842,3.862,3.888,3.874333333333334,3.873,0.010656244908763764,0,2,47316992,send_recv,2,2
843,3.866,3.8810000000000002,3.8753333333333333,3.879,0.006649979114420018,0,2,47448064,send_recv,2,2
844,3.882,3.896,3.8883333333333336,3.887,0.005792715732327505,0,2,47579136,send_recv,2,2
845,3.888,3.902,3.895666666666667,3.8970000000000002,0.005792715732327701,0,2,47710208,send_recv,2,2
846,3.906,3.918,3.91,3.906,0.005656854249492386,0,2,47841280,send_recv,2,2
847,3.904,3.9410000000000003,3.9280000000000004,3.939,0.016990193249833,0,2,47972352,send_recv,2,2
848,3.924,3.932,3.9276666666666666,3.927,0.0032998316455372175,0,2,48103424,send_recv,2,2
849,3.9290000000000003,3.931,3.93,3.93,0.0008164965809276362,0,2,48234496,send_recv,2,2
850,3.954,3.9610000000000003,3.9570000000000003,3.956,0.002943920288776027,0,2,48365568,send_recv,2,2
851,3.946,3.96,3.9553333333333334,3.96,0.006599663291074345,0,2,48496640,send_recv,2,2
852,3.966,3.989,3.9763333333333333,3.974,0.009533566430716588,0,2,48627712,send_recv,2,2
853,3.967,3.976,3.970333333333333,3.968,0.004027681991198164,0,2,48758784,send_recv,2,2
854,3.984,3.998,3.9923333333333333,3.995,0.006018490028422687,0,2,48889856,send_recv,2,2
855,4.005,4.01,4.006666666666667,4.005,0.002357022603955108,0,2,49020928,send_recv,2,2
856,4.007,4.038,4.020666666666667,4.017,0.01291854825005093,0,2,49152000,send_recv,2,2
857,4.008,4.0200000000000005,4.013000000000001,4.011,0.005099019513592978,0,2,49283072,send_recv,2,2
858,4.031,4.047,4.040666666666667,4.0440000000000005,0.006944222218666684,0,2,49414144,send_recv,2,2
859,4.037,4.054,4.042666666666666,4.037,0.008013876853447703,0,2,49545216,send_recv,2,2
860,4.047,4.064,4.057666666666667,4.062,0.0075865377844942326,0,2,49676288,send_recv,2,2
861,4.055,4.07,4.0616666666666665,4.0600000000000005,0.006236095644623419,0,2,49807360,send_recv,2,2
862,4.0680000000000005,4.095,4.080666666666667,4.079,0.011085526098876974,0,2,49938432,send_recv,2,2
863,4.079,4.121,4.096,4.088,0.018055470085268064,0,2,50069504,send_recv,2,2
864,4.091,4.111,4.100333333333334,4.099,0.008219218670625117,0,2,50200576,send_recv,2,2
865,4.101,4.125,4.114666666666667,4.118,0.010077477638554029,0,2,50331648,send_recv,2,2
866,4.112,4.117,4.114666666666667,4.115,0.0020548046676562913,0,2,50462720,send_recv,2,2
867,4.131,4.141,4.1370000000000005,4.139,0.004320493798938509,0,2,50593792,send_recv,2,2
868,4.14,4.143,4.141333333333333,4.141,0.001247219128924668,0,2,50724864,send_recv,2,2
869,4.141,4.148,4.143999999999999,4.143,0.002943920288775826,0,2,50855936,send_recv,2,2
870,4.155,4.166,4.16,4.159,0.004546060565662037,0,2,50987008,send_recv,2,2
871,4.165,4.194,4.1803333333333335,4.182,0.011897712198383148,0,2,51118080,send_recv,2,2
872,4.1770000000000005,4.188,4.1819999999999995,4.181,0.004546060565661646,0,2,51249152,send_recv,2,2
873,4.182,4.2090000000000005,4.199333333333334,4.207,0.012283683848458777,0,2,51380224,send_recv,2,2
874,4.2010000000000005,4.207,4.204,4.204,0.0024494897427829085,0,2,51511296,send_recv,2,2
875,4.214,4.247,4.2266666666666675,4.219,0.01452201394052775,0,2,51642368,send_recv,2,2
876,4.228,4.257,4.2396666666666665,4.234,0.01249888883950171,0,2,51773440,send_recv,2,2
877,4.224,4.253,4.235666666666667,4.23,0.012498888839501707,0,2,51904512,send_recv,2,2
878,4.24,4.265,4.2523333333333335,4.252,0.010208928554075486,0,2,52035584,send_recv,2,2
879,4.242,4.252,4.2476666666666665,4.249,0.00418993502999207,0,2,52166656,send_recv,2,2
880,4.268,4.2780000000000005,4.274666666666667,4.2780000000000005,0.004714045207910635,0,2,52297728,send_recv,2,2
881,4.268,4.301,4.283666666666666,4.282,0.013523641850067342,0,2,52428800,send_recv,2,2
882,4.282,4.312,4.296333333333333,4.295,0.012283683848458963,0,2,52559872,send_recv,2,2
883,4.297,4.307,4.303333333333334,4.306,0.004496912521077598,0,2,52690944,send_recv,2,2
884,4.303,4.322,4.313,4.314,0.007788880963698669,0,2,52822016,send_recv,2,2
885,4.307,4.316,4.3116666666666665,4.312,0.003681787005728869,0,2,52953088,send_recv,2,2
886,4.323,4.352,4.334333333333333,4.328,0.012657891697364995,0,2,53084160,send_recv,2,2
887,4.337,4.346,4.3406666666666665,4.339,0.003858612300930136,0,2,53215232,send_recv,2,2
888,4.339,4.37,4.3500000000000005,4.341,0.014165686240583755,0,2,53346304,send_recv,2,2
889,4.358,4.365,4.360666666666667,4.359,0.003091206165165437,0,2,53477376,send_recv,2,2
890,4.371,4.377,4.374,4.374,0.0024494897427829085,0,2,53608448,send_recv,2,2
891,4.378,4.385,4.380666666666667,4.3790000000000004,0.0030912061651650214,0,2,53739520,send_recv,2,2
892,4.397,4.412,4.4046666666666665,4.405,0.006128258770283284,0,2,53870592,send_recv,2,2
893,4.401,4.408,4.405,4.406,0.0029439202887761276,0,2,54001664,send_recv,2,2
894,4.41,4.421,4.415666666666667,4.416,0.0044969125210774005,0,2,54132736,send_recv,2,2
895,4.422,4.455,4.433666666666667,4.424,0.015107025591499575,0,2,54263808,send_recv,2,2
896,4.426,4.444,4.437,4.441,0.007874007874011695,0,2,54394880,send_recv,2,2
897,4.436,4.472,4.448,4.436,0.016970562748477365,0,2,54525952,send_recv,2,2
898,4.455,4.463,4.458666666666667,4.458,0.0032998316455372175,0,2,54657024,send_recv,2,2
899,4.46,4.472,4.465,4.463,0.005099019513592978,0,2,54788096,send_recv,2,2
900,4.474,4.481,4.476666666666667,4.4750000000000005,0.0030912061651650214,0,2,54919168,send_recv,2,2
901,4.48,4.497,4.488333333333333,4.488,0.006944222218666328,0,2,55050240,send_recv,2,2
902,4.511,4.517,4.513333333333333,4.5120000000000005,0.0026246692913373193,0,2,55181312,send_recv,2,2
903,4.499,4.51,4.503666666666667,4.502,0.0046427960923947475,0,2,55312384,send_recv,2,2
904,4.527,4.531,4.5296666666666665,4.531,0.001885618083163919,0,2,55443456,send_recv,2,2
905,4.523,4.541,4.531333333333333,4.53,0.007408703590297886,0,2,55574528,send_recv,2,2
906,4.541,4.567,4.557333333333333,4.564,0.011614167593456116,0,2,55705600,send_recv,2,2
907,4.547,4.554,4.550333333333334,4.55,0.0028674417556811102,0,2,55836672,send_recv,2,2
908,4.554,4.564,4.559,4.559,0.004082482904638543,0,2,55967744,send_recv,2,2
909,4.562,4.583,4.574333333333334,4.578,0.008956685895029574,0,2,56098816,send_recv,2,2
910,4.573,4.585,4.5793333333333335,4.58,0.004921607686744285,0,2,56229888,send_recv,2,2
911,4.59,4.605,4.5986666666666665,4.601,0.006342099196813686,0,2,56360960,send_recv,2,2
912,4.609,4.612,4.611,4.612,0.0014142135623731486,0,2,56492032,send_recv,2,2
913,4.605,4.628,4.618333333333333,4.622,0.009741092797468135,0,2,56623104,send_recv,2,2
914,4.625,4.654,4.640666666666667,4.643,0.011953614051360693,0,2,56754176,send_recv,2,2
915,4.627,4.65,4.637333333333333,4.635,0.009533566430716981,0,2,56885248,send_recv,2,2
916,4.6450000000000005,4.648,4.646333333333334,4.646,0.0012472191289243516,0,2,57016320,send_recv,2,2
917,4.655,4.664,4.659,4.658,0.0037416573867736875,0,2,57147392,send_recv,2,2
918,4.667,4.689,4.674666666666666,4.668,0.010143416036468665,0,2,57278464,send_recv,2,2
919,4.6690000000000005,4.689,4.680666666666667,4.684,0.008498365855987794,0,2,57409536,send_recv,2,2
920,4.682,4.699,4.690333333333333,4.69,0.006944222218666328,0,2,57540608,send_recv,2,2
921,4.689,4.695,4.692333333333334,4.6930000000000005,0.002494438257849415,0,2,57671680,send_recv,2,2
922,4.718,4.728,4.724,4.726,0.004320493798938509,0,2,57802752,send_recv,2,2
923,4.715,4.72,4.717666666666666,4.718,0.0020548046676562913,0,2,57933824,send_recv,2,2
924,4.731,4.756,4.743666666666667,4.744,0.010208928554075845,0,2,58064896,send_recv,2,2
925,4.731,4.747,4.7379999999999995,4.736,0.0066833125519211575,0,2,58195968,send_recv,2,2
926,4.759,4.773,4.768,4.772,0.006377042156569472,0,2,58327040,send_recv,2,2
927,4.7540000000000004,4.76,4.757,4.757,0.0024494897427829085,0,2,58458112,send_recv,2,2
928,4.766,4.7780000000000005,4.773666666666667,4.777,0.005436502143433509,0,2,58589184,send_recv,2,2
929,4.782,4.787,4.785333333333333,4.787,0.002357022603955108,0,2,58720256,send_recv,2,2
930,4.811,4.819,4.814,4.812,0.003559026084010378,0,2,58851328,send_recv,2,2
931,4.806,4.82,4.8133333333333335,4.814,0.005734883511361842,0,2,58982400,send_recv,2,2
932,4.824,4.828,4.825666666666667,4.825,0.0016996731711977561,0,2,59113472,send_recv,2,2
933,4.8180000000000005,4.821,4.819333333333334,4.819,0.0012472191289243516,0,2,59244544,send_recv,2,2
934,4.84,4.86,4.851333333333333,4.854,0.008379870059984541,0,2,59375616,send_recv,2,2
935,4.84,4.8580000000000005,4.847,4.843,0.00787400787401211,0,2,59506688,send_recv,2,2
936,4.862,4.877,4.8709999999999996,4.874,0.006480740698407695,0,2,59637760,send_recv,2,2
937,4.863,4.868,4.864666666666667,4.863,0.002357022603955108,0,2,59768832,send_recv,2,2
938,4.878,4.902,4.8886666666666665,4.886,0.009977753031397186,0,2,59899904,send_recv,2,2
939,4.885,4.9110000000000005,4.8966666666666665,4.894,0.01078064108586443,0,2,60030976,send_recv,2,2
940,4.8950000000000005,4.932,4.912333333333334,4.91,0.015195028426721957,0,2,60162048,send_recv,2,2
941,4.9030000000000005,4.937,4.914666666666667,4.904,0.015797327481430416,0,2,60293120,send_recv,2,2
942,4.926,4.941,4.935666666666667,4.94,0.0068475461947246795,0,2,60424192,send_recv,2,2
943,4.9270000000000005,4.948,4.937666666666666,4.938,0.008576453553512357,0,2,60555264,send_recv,2,2
944,4.9510000000000005,4.966,4.957666666666667,4.956,0.006236095644623103,0,2,60686336,send_recv,2,2
945,4.952,4.971,4.959,4.954,0.008524474568363052,0,2,60817408,send_recv,2,2
946,4.97,4.989,4.978000000000001,4.9750000000000005,0.00804155872120984,0,2,60948480,send_recv,2,2
947,4.968,4.997,4.981333333333333,4.979,0.011953614051360693,0,2,61079552,send_recv,2,2
948,4.98,5.002,4.991333333333333,4.992,0.008993825042154428,0,2,61210624,send_recv,2,2
949,4.984,5.013,4.997,4.994,0.012027745701779124,0,2,61341696,send_recv,2,2
950,5.019,5.0600000000000005,5.0456666666666665,5.058,0.018873850222522782,0,2,61472768,send_recv,2,2
951,5.014,5.033,5.0246666666666675,5.027,0.007930251502246913,0,2,61603840,send_recv,2,2
952,5.024,5.053,5.035666666666667,5.03,0.01249888883950171,0,2,61734912,send_recv,2,2
953,5.037,5.047,5.041666666666667,5.041,0.004109609335312535,0,2,61865984,send_recv,2,2
954,5.051,5.059,5.054,5.0520000000000005,0.003559026084010378,0,2,61997056,send_recv,2,2
955,5.053,5.073,5.064,5.066,0.008286535263104194,0,2,62128128,send_recv,2,2
956,5.065,5.09,5.078,5.079,0.010230672835481642,0,2,62259200,send_recv,2,2
957,5.079,5.096,5.085,5.08,0.007788880963698707,0,2,62390272,send_recv,2,2
958,5.101,5.11,5.106333333333334,5.1080000000000005,0.003858612300930264,0,2,62521344,send_recv,2,2
959,5.099,5.128,5.114666666666667,5.117,0.011953614051360693,0,2,62652416,send_recv,2,2
960,5.118,5.1290000000000004,5.124,5.125,0.004546060565661972,0,2,62783488,send_recv,2,2
961,5.117,5.124,5.119666666666666,5.118,0.0030912061651650214,0,2,62914560,send_recv,2,2
962,5.139,5.141,5.14,5.14,0.0008164965809276362,0,2,63045632,send_recv,2,2
963,5.144,5.166,5.154,5.152,0.00909212113132401,0,2,63176704,send_recv,2,2
964,5.159,5.1610000000000005,5.16,5.16,0.0008164965809279987,0,2,63307776,send_recv,2,2
965,5.16,5.188,5.174333333333333,5.175,0.011440668201153503,0,2,63438848,send_recv,2,2
966,5.171,5.181,5.174666666666667,5.172,0.004496912521077356,0,2,63569920,send_recv,2,2
967,5.184,5.204,5.191666666666666,5.187,0.008806563209081719,0,2,63700992,send_recv,2,2
968,5.205,5.216,5.211666666666667,5.214,0.004784233364802533,0,2,63832064,send_recv,2,2
969,5.196,5.215,5.204,5.2010000000000005,0.00804155872120984,0,2,63963136,send_recv,2,2
970,5.218,5.253,5.2363333333333335,5.238,0.01433720877840445,0,2,64094208,send_recv,2,2
971,5.2410000000000005,5.251,5.246,5.246,0.004082482904638543,0,2,64225280,send_recv,2,2
972,5.237,5.271,5.259333333333333,5.2700000000000005,0.015797327481430416,0,2,64356352,send_recv,2,2
973,5.237,5.272,5.255,5.256,0.014306175822583348,0,2,64487424,send_recv,2,2
974,5.2700000000000005,5.2940000000000005,5.282666666666667,5.284,0.009843215373488912,0,2,64618496,send_recv,2,2
975,5.274,5.277,5.275333333333333,5.275,0.001247219128924668,0,2,64749568,send_recv,2,2
976,5.289,5.319,5.299333333333333,5.29,0.013912424503139514,0,2,64880640,send_recv,2,2
977,5.2860000000000005,5.293,5.290333333333334,5.292,0.0030912061651650214,0,2,65011712,send_recv,2,2
978,5.32,5.333,5.325333333333334,5.323,0.005557777333510961,0,2,65142784,send_recv,2,2
979,5.315,5.349,5.331333333333333,5.33,0.0139124245031394,0,2,65273856,send_recv,2,2
980,5.337,5.351,5.343666666666667,5.343,0.005734883511361842,0,2,65404928,send_recv,2,2
981,5.329,5.3420000000000005,5.335333333333334,5.335,0.005312459150170068,0,2,65536000,send_recv,2,2
982,5.346,5.359,5.352666666666667,5.353,0.005312459150169696,0,2,65667072,send_recv,2,2
983,5.353,5.39,5.377,5.388,0.016990193249832888,0,2,65798144,send_recv,2,2
984,5.367,5.376,5.372666666666667,5.375,0.004027681991198286,0,2,65929216,send_recv,2,2
985,5.365,5.381,5.374,5.376,0.0066833125519211575,0,2,66060288,send_recv,2,2
986,5.392,5.4190000000000005,5.403666666666667,5.4,0.01132352516764208,0,2,66191360,send_recv,2,2
987,5.391,5.434,5.407666666666667,5.398,0.018838494867926513,0,2,66322432,send_recv,2,2
988,5.4110000000000005,5.418,5.415,5.416,0.002943920288775826,0,2,66453504,send_recv,2,2
989,5.413,5.438,5.422999999999999,5.418,0.010801234497346202,0,2,66584576,send_recv,2,2
990,5.439,5.449,5.443666666666668,5.4430000000000005,0.004109609335312535,0,2,66715648,send_recv,2,2
991,5.448,5.464,5.455666666666667,5.455,0.00654896090146285,0,2,66846720,send_recv,2,2
992,5.453,5.46,5.456333333333333,5.456,0.0028674417556807316,0,2,66977792,send_recv,2,2
993,5.458,5.4750000000000005,5.464333333333333,5.46,0.0075865377844942326,0,2,67108864,send_recv,2,2
